Company,Item,Calories,"Calories from
Fat","Total Fat
(g)","Saturated Fat
(g)","Trans Fat
(g)","Cholesterol
(mg)","Sodium 
(mg)","Carbs
(g)","Fiber
(g)","Sugars
(g)","Protein
(g)","Weight Watchers
Pnts"
McDonaldâ€™s,Hamburger,250,80,9,3.5,0.5,25,520,31,2,6,12,247.5
McDonaldâ€™s,Cheeseburger,300,110,12,6,0.5,40,750,33,2,6,15,297
McDonaldâ€™s,Double Cheeseburger,440,210,23,11,1.5,80,1150,34,2,7,25,433
McDonaldâ€™s,McDouble,390,170,19,8,1,65,920,33,2,7,22,383
McDonaldâ€™s, Quarter PounderÂ® with Cheese,510,230,26,12,1.5,90,1190,40,3,9,29,502
McDonaldâ€™s,Double Quarter PounderÂ® with Cheese,740,380,42,19,2.5,155,1380,40,3,9,48,720
McDonaldâ€™s,Big MacÂ®,540,260,29,10,1.5,75,1040,45,3,9,25,534
McDonaldâ€™s,Big Nâ€™ TastyÂ®,460,220,24,8,1.5,70,720,37,3,8,24,452
McDonaldâ€™s,Big Nâ€™ TastyÂ® with Cheese,510,250,28,11,1.5,85,960,38,3,8,27,502
McDonaldâ€™s,Angus Bacon & Cheese,790,350,39,17,2,145,2070,63,4,13,45,775
McDonaldâ€™s,Angus Deluxe,750,350,39,16,2,135,1700,61,4,10,40,736
McDonaldâ€™s,Angus Mushroom & Swiss,770,360,40,17,2,135,1170,59,4,8,44,751
McDonaldâ€™s,Filet-O-FishÂ®,380,170,18,3.5,0,40,640,38,2,5,15,373.5
McDonaldâ€™s,McChicken Â®,360,150,16,3,0,35,830,40,2,5,14,354
McDonaldâ€™s,McRib Â®,500,240,26,10,0,70,980,44,3,11,22,499
McDonaldâ€™s,Premium Grilled Chicken Classic Sandwich,360,80,9,2,0,65,820,41,4,8,27,343
McDonaldâ€™s,Premium Crispy Chicken Classic Sandwich,510,200,22,3.5,0,45,990,56,3,10,24,499.5
McDonaldâ€™s,Premium Grilled Chicken Club Sandwich,460,150,17,6,0,90,1040,43,4,9,35,440
McDonaldâ€™s,Premium Crispy Chicken Club Sandwich,620,260,29,7,0,70,1200,57,3,11,31,607
McDonaldâ€™s,Premium Grilled Chicken Ranch BLT Sandwich,380,90,10,3,0,75,1000,41,4,9,31,361
McDonaldâ€™s,Premium Crispy Chicken Ranch BLT Sandwich,540,210,23,4.5,0,55,1160,56,3,11,27,528.5
McDonaldâ€™s,Southern Style Crispy Chicken Sandwich,400,150,17,3,0,45,1030,39,1,6,24,385
McDonaldâ€™s,Ranch Snack WrapÂ® (Crispy),340,150,17,4.5,0,30,810,33,1,2,14,332.5
McDonaldâ€™s,Ranch Snack WrapÂ® (Grilled),270,90,10,4,0,45,830,26,1,2,18,258
McDonaldâ€™s,Honey Mustard Snack WrapÂ® (Crispy),330,140,16,4.5,0,30,780,34,1,4,14,324.5
McDonaldâ€™s,Honey Mustard Snack WrapÂ® (Grilled),260,80,9,3.5,0,45,800,27,1,4,18,249.5
McDonaldâ€™s,Chipotle BBQ Snack WrapÂ® (Crispy),330,140,15,4.5,0,30,810,35,1,4,14,324.5
McDonaldâ€™s,Chipotle BBQ Snack WrapÂ® (Grilled),260,80,9,3.5,0,45,830,28,1,5,18,250.5
McDonaldâ€™s,Angus Bacon & Cheese Snack Wrap,390,190,21,9,1,75,1080,28,1,4,21,382
McDonaldâ€™s,Angus Chipotle BBQ Bacon,800,350,39,18,2,145,2020,66,4,16,45,789
McDonaldâ€™s,Angus Chipotle BBQ Bacon Snack Wrap,400,190,22,10,1,75,1060,30,1,6,21,395
McDonaldâ€™s,Angus Deluxe Snack Wrap,410,220,25,10,1.5,75,990,27,2,3,20,403
McDonaldâ€™s,Angus Mushroom & Swiss Snack Wrap,430,230,26,10,1.5,75,730,27,2,2,22,420
McDonaldâ€™s,Mac Snack Wrap,330,170,19,7,1,45,690,26,1,3,15,325
McDonaldâ€™s,Small French Fries,230,100,11,1.5,0,0,160,29,3,0,3,228.5
McDonaldâ€™s,Medium French Fries,380,170,19,2.5,0,0,270,48,5,0,4,378.5
McDonaldâ€™s,Large French Fries,500,220,25,3.5,0,0,350,63,6,0,6,497.5
McDonaldâ€™s,Ketchup Packet,15,0,0,0,0,0,110,3,0,2,0,17
McDonaldâ€™s,Salt Packet,0,0,0,0,0,0,270,0,0,0,0,0
McDonaldâ€™s,Chicken McNuggetsÂ® (4 piece),190,110,12,2,0,25,360,12,1,0,9,183
McDonaldâ€™s,Chicken McNuggetsÂ® (6 piece),280,160,18,3,0,40,540,18,1,0,13,270
McDonaldâ€™s,Chicken McNuggetsÂ® (10 piece),470,270,30,5,0,65,900,30,2,0,22,453
McDonaldâ€™s,Barbeque Sauce,50,0,0,0,0,0,260,12,0,10,0,60
McDonaldâ€™s,Honey,50,0,0,0,0,0,0,12,0,11,0,61
McDonaldâ€™s,Hot Mustard Sauce,60,20,2.5,0,0,5,250,9,2,6,1,65
McDonaldâ€™s,Sweet â€˜N Sour Sauce,50,0,0,0,0,0,150,12,0,10,0,60
McDonaldâ€™s,Chicken SelectsÂ® Premium Breast Strips (3 pc),400,210,24,3.5,0,50,1010,23,0,0,23,380.5
McDonaldâ€™s,Chicken SelectsÂ® Premium Breast Strips (5 pc),660,360,40,6,0,85,1680,39,0,0,38,628
McDonaldâ€™s,Spicy Buffalo Sauce,60,50,6,1,0,0,800,1,1,0,0,61
McDonaldâ€™s,Creamy Ranch Sauce,170,160,18,3,0,10,270,2,0,1,0,174
McDonaldâ€™s,Tangy Honey Mustard Sauce,60,20,2,0,0,5,140,10,0,8,0,68
McDonaldâ€™s,Southwestern Chipotle Barbeque Sauce,60,0,0,0,0,0,210,15,1,11,0,71
McDonaldâ€™s,Premium Southwest Salad with Grilled Chicken,320,80,9,3,0,70,960,30,6,11,30,304
McDonaldâ€™s,Premium Southwest Salad with Crispy Chicken,430,180,20,4,0,55,920,38,6,12,26,420
McDonaldâ€™s,Premium Southwest Salad (without chicken),140,40,4.5,2,0,10,150,20,6,6,6,142
McDonaldâ€™s,Premium Bacon Ranch Salad with Grilled Chicken,260,90,9,4,0,90,1010,12,3,5,33,236
McDonaldâ€™s,Premium Bacon Ranch Salad with Crispy Chicken,370,180,20,6,0,75,970,20,3,6,29,353
McDonaldâ€™s,Premium Bacon Ranch Salad (without chicken),140,70,7,3.5,0,25,300,10,3,4,9,138.5
McDonaldâ€™s,Premium Caesar Salad with Grilled Chicken,220,60,6,3,0,75,890,12,3,5,30,198
McDonaldâ€™s,Premium Caesar Salad with Crispy Chicken,330,150,17,4.5,0,60,840,20,3,6,26,314.5
McDonaldâ€™s,Premium Caesar Salad (without chicken),90,35,4,2.5,0,10,180,9,3,4,7,89.5
McDonaldâ€™s,Side Salad,20,0,0,0,0,0,10,4,1,2,1,21
McDonaldâ€™s,Butter Garlic Croutons,60,15,1.5,0,0,0,140,10,1,0,2,58
McDonaldâ€™s,Snack Size Fruit & Walnut Salad,210,70,8,1.5,0,5,60,31,2,25,4,232.5
McDonaldâ€™s,Salad Dressings,,,,,,,,,,,,
McDonaldâ€™s,Newmanâ€™s OwnÂ® Creamy Southwest Dressing,100,50,6,1,0,20,340,11,0,3,1,103
McDonaldâ€™s,Newmanâ€™s OwnÂ® Creamy Caesar Dressing,190,170,18,3.5,0,20,500,4,0,2,2,193.5
McDonaldâ€™s,Newmanâ€™s OwnÂ® Low Fat Balsamic Vinaigrette,40,25,3,0,0,0,730,4,0,3,0,43
McDonaldâ€™s,Newmanâ€™s OwnÂ® Low Fat Family Recipe Italian Dressing,60,20,2.5,0,0,0,730,8,0,1,1,60
McDonaldâ€™s,Newmanâ€™s OwnÂ® Ranch Dressing,170,130,15,2.5,0,20,530,9,0,4,1,175.5
McDonaldâ€™s,Egg McMuffinÂ®,300,110,12,5,0,260,820,30,2,3,18,290
McDonaldâ€™s,Sausage McMuffinÂ®,370,200,22,8,0,45,850,29,2,2,14,366
McDonaldâ€™s,Sausage McMuffinÂ® with Egg,450,250,27,10,0,285,920,30,2,2,21,441
McDonaldâ€™s,English Muffin,160,30,3,0.5,0,0,280,27,2,2,5,157.5
McDonaldâ€™s,"Bacon, Egg & Cheese Biscuit (Regular Size Biscuit)",420,210,23,12,0,235,1160,37,2,3,15,420
McDonaldâ€™s,"Bacon, Egg & Cheese Biscuit (Large Size Biscuit)",480,240,27,12,0,235,1270,43,3,4,15,481
McDonaldâ€™s,Sausage Biscuit with Egg (Regular Size Biscuit),510,290,33,14,0,250,1170,36,2,2,18,508
McDonaldâ€™s,Sausage Biscuit with Egg (Large Size Biscuit),570,330,37,15,0,250,1280,42,3,3,18,570
McDonaldâ€™s,Sausage Biscuit (Regular Size Biscuit),430,240,27,12,0,30,1080,34,2,2,11,433
McDonaldâ€™s,Sausage Biscuit (Large Size Biscuit),480,280,31,13,0,30,1190,39,3,3,11,485
McDonaldâ€™s,Southern Style Chicken Biscuit (Regular Size Biscuit),410,180,20,8,0,30,1180,41,2,3,17,404
McDonaldâ€™s,Southern Style Chicken Biscuit (Large Size Biscuit),470,220,24,9,0,30,1290,46,3,4,17,466
McDonaldâ€™s,"Steak, Egg & Cheese Bagel",660,300,33,12,1,300,1580,56,3,7,33,646
McDonaldâ€™s,"Bacon, Egg & Cheese McGriddlesÂ®",420,160,18,8,0,240,1110,48,2,15,15,428
McDonaldâ€™s,"Sausage, Egg & Cheese McGriddlesÂ®",560,290,32,12,0,265,1360,48,2,15,20,567
McDonaldâ€™s,Sausage McGriddlesÂ®,420,200,22,8,0,35,1030,44,2,15,11,432
McDonaldâ€™s,Big BreakfastÂ® (Regular Size Biscuit),740,430,48,17,0,555,1560,51,3,3,28,732
McDonaldâ€™s,Big BreakfastÂ® (Large Size Biscuit),800,470,52,18,0,555,1680,56,4,3,28,793
McDonaldâ€™s,Big Breakfast with Hotcakes (Regular Size Biscuit),1090,510,56,19,0,575,2150,111,6,17,36,1090
McDonaldâ€™s,Big Breakfast with Hotcakes (Large Size Biscuit),1150,540,60,20,0,575,2260,116,7,17,36,1151
McDonaldâ€™s,Sausage Burrito,300,140,16,7,0,115,830,26,1,2,12,297
McDonaldâ€™s,McSkilletâ„¢ Burrito with Sausage,610,320,36,14,0.5,410,1390,44,3,4,27,601
Café Coffee Day,Hotcakes,350,80,9,2,0,20,590,60,3,14,8,358
Café Coffee Day,Hotcakes and Sausage,520,210,24,7,0,50,930,61,3,14,15,526
Café Coffee Day,Hotcake Syrup,180,0,0,0,0,0,20,45,0,32,0,212
McDonaldâ€™s,Whipped Margarine (1 pat),40,40,4.5,1.5,0,0,55,0,0,0,0,41.5
McDonaldâ€™s,Hash Brown,150,80,9,1.5,0,0,310,15,2,0,1,150.5
McDonaldâ€™s,Grape Jam,35,0,0,0,0,0,0,9,0,9,0,44
McDonaldâ€™s,Strawberry Preserves,35,0,0,0,0,0,0,9,0,9,0,44
McDonaldâ€™s,"Bacon, Egg & Cheese Bagel",560,240,27,9,0.5,260,1300,56,3,7,24,552
McDonaldâ€™s,Fruit & Maple Oatmeal,290,40,4.5,2,0,10,160,57,5,32,5,319
McDonaldâ€™s,Fruit & Maple Oatmeal without Brown Sugar,260,40,4.5,2,0,10,115,48,5,18,5,275
McDonaldâ€™s,Hamburger Happy Meal,475,,16,5.5 g,0,40,690,62,2,20,22,
McDonaldâ€™s,4 Piece Chicken McNuggets Happy Meal,395,,17,3.5,0,35,510,41,1,14,19,
McDonaldâ€™s,6 Piece Chicken McNuggetsÂ® Happy Meal,475,,22,4.5,0,50,680,46,2,14,24,
McDonaldâ€™s,Fruit â€˜n Yogurt Parfait (7 oz),160,20,2,1,0,5,85,31,1,21,4,178
McDonaldâ€™s,Low Fat Caramel Dip,70,5,0.5,0,0,5,35,15,0,9,0,79
McDonaldâ€™s,Vanilla Reduced Fat Ice Cream Cone,150,35,3.5,2,0,15,60,24,0,18,4,166
McDonaldâ€™s,Kiddie Cone,45,10,1,0.5,0,5,20,8,0,6,1,50.5
McDonaldâ€™s,Strawberry Sundae,280,60,6,4,0,25,95,49,1,45,6,323
Café Coffee Day,Hot Caramel Sundae,340,70,8,5,0,30,160,60,1,44,7,382
Café Coffee Day,Hot Fudge Sundae,330,90,10,7,0,25,180,54,2,48,8,377
McDonaldâ€™s,Peanuts (for Sundaes),45,30,3.5,0.5,0,0,0,2,1,0,2,43.5
McDonaldâ€™s,McFlurryÂ® with M&Mâ€™SÂ® Candies (12 fl oz cup),710,230,25,16,1,60,220,105,4,97,15,808
McDonaldâ€™s,McFlurryÂ® with OREOÂ® Cookies (12 fl oz cup),580,170,19,10,1,50,320,89,3,73,13,650
McDonaldâ€™s,Baked Hot Apple Pie,250,110,13,7,0,0,170,32,4,13,2,268
McDonaldâ€™s,Cinnamon Melts,460,170,19,9,0,15,370,66,3,32,6,495
McDonaldâ€™s,McDonaldlandÂ® Cookies,260,70,8,2.5,0,0,300,43,1,13,4,271.5
McDonaldâ€™s,Chocolate Chip Cookie,160,70,8,3.5,0,10,90,21,1,15,2,176.5
McDonaldâ€™s,Oatmeal Raisin Cookie,150,50,6,2.5,0,10,135,22,1,13,2,163.5
McDonaldâ€™s,Sugar Cookie,160,60,7,3,0,5,120,21,0,11,2,172
McDonaldâ€™s,Apple Dippers with Low Fat Caramel Dip,100,5,0.5,0,0,5,35,23,0,15,0,115
McDonaldâ€™s,Chocolate McCafÃ©Â® Shake (12 fl oz cup),580,150,17,10,1,50,240,94,1,77,11,656
McDonaldâ€™s,Chocolate McCafÃ©Â® Shake (16 fl oz cup),720,180,20,12,1,60,300,119,1,98,15,815
McDonaldâ€™s,Chocolate McCafÃ©Â® Shake (22 fl oz cup),880,220,24,15,1.5,75,370,147,1,121,18,998
Café Coffee Day,Chocolate Triple ThickÂ® Shake (12 fl oz cup),440,90,10,6,0.5,40,190,76,1,63,10,499
Café Coffee Day,Chocolate Triple ThickÂ® Shake (16 fl oz cup),580,120,14,8,1,50,250,102,1,84,13,659
Café Coffee Day,Chocolate Triple ThickÂ® Shake (21 fl oz cup),770,160,18,11,1,70,330,134,1,111,18,874
Café Coffee Day,Chocolate Triple ThickÂ® Shake (32 fl oz cup),1160,240,27,16,2,100,510,203,2,168,27,1317
Café Coffee Day,Snack Size McFlurryÂ® with M&Mâ€™SÂ® Candies,430,140,16,10,0.5,35,130,64,2,59,9,490
Café Coffee Day,Snack Size McFlurryÂ® with OREOÂ® Cookies,340,100,12,6,0,30,200,53,2,43,8,381
McDonaldâ€™s,Strawberry McCafÃ©Â® Shake (12 fl oz cup),570,150,17,10,1,50,170,92,0,79,11,648
McDonaldâ€™s,Strawberry McCafÃ©Â® Shake (16 fl oz cup),710,180,20,12,1,65,210,116,0,100,14,808
McDonaldâ€™s,Strawberry McCafÃ©Â® Shake (22 fl oz cup),860,220,24,15,1.5,75,260,144,0,124,18,981
McDonaldâ€™s,Strawberry Triple ThickÂ® Shake (12 fl oz cup),420,90,10,6,0.5,40,130,73,0,63,10,479
McDonaldâ€™s,Strawberry Triple ThickÂ® Shake (16 fl oz cup),560,120,13,8,1,50,170,97,0,84,13,639
McDonaldâ€™s,Strawberry Triple ThickÂ® Shake (21 fl oz cup),740,160,18,11,1,70,230,128,0,111,17,845
McDonaldâ€™s,Strawberry Triple ThickÂ® Shake (32 fl oz cup),1110,240,26,16,2,100,350,194,0,168,25,1269
Café Coffee Day,Vanilla McCafÃ©Â® Shake (12 fl oz cup),540,150,16,10,1,45,170,88,0,64,10,604
Café Coffee Day,Vanilla McCafÃ©Â® Shake (16 fl oz cup),680,180,20,12,1,60,220,111,0,82,14,760
Café Coffee Day,Vanilla McCafÃ©Â® Shake (22 fl oz cup),830,210,24,14,1.5,75,270,138,0,103,17,930
Café Coffee Day,Vanilla Triple Thick ShakeÂ® (32 fl oz cup),1110,240,26,16,2,100,370,193,0,145,25,1246
Café Coffee Day,Vanilla Triple ThickÂ® Shake (12 fl oz cup),420,90,10,6,0.5,40,140,72,0,54,9,471
Café Coffee Day,Vanilla Triple ThickÂ® Shake (16 fl oz cup),550,120,13,8,1,50,190,96,0,72,13,617
Café Coffee Day,Vanilla Triple ThickÂ® Shake (21 fl oz cup),740,160,18,11,1,70,250,128,0,96,17,830
McDonaldâ€™s,1% Low Fat Milk Jug,100,20,2.5,1.5,0,10,125,12,0,12,8,105.5
McDonaldâ€™s,1% Low Fat Chocolate Milk Jug,170,25,3,1.5,0,5,150,26,1,25,9,187.5
McDonaldâ€™s,Minute MaidÂ® 100% Apple Juice Box,100,0,0,0,0,0,15,23,0,22,0,122
McDonaldâ€™s,DasaniÂ® Water,0,0,0,0,0,0,0,0,0,0,0,0
McDonaldâ€™s,Minute MaidÂ® Orange Juice (Small),150,0,0,0,0,0,0,30,0,30,2,178
McDonaldâ€™s,Minute MaidÂ® Orange Juice (Medium),190,0,0,0,0,0,0,39,0,39,3,226
McDonaldâ€™s,Minute MaidÂ® Orange Juice (Large),280,0,0,0,0,0,5,58,0,58,4,334
McDonaldâ€™s,Coca-ColaÂ® Classic (Child),110,0,0,0,0,0,5,29,0,29,0,139
McDonaldâ€™s,Coca-ColaÂ® Classic (Small),150,0,0,0,0,0,10,40,0,40,0,190
McDonaldâ€™s,Coca-ColaÂ® Classic (Medium),210,0,0,0,0,0,15,58,0,58,0,268
McDonaldâ€™s,Coca-ColaÂ® Classic (Large),310,0,0,0,0,0,20,86,0,86,0,396
McDonaldâ€™s,Diet CokeÂ® (Child),0,0,0,0,0,0,15,0,0,0,0,0
McDonaldâ€™s,Diet CokeÂ® (Small),0,0,0,0,0,0,20,0,0,0,0,0
McDonaldâ€™s,Diet CokeÂ® (Medium),0,0,0,0,0,0,30,0,0,0,0,0
McDonaldâ€™s,Diet CokeÂ® (Large),0,0,0,0,0,0,45,0,0,0,0,0
McDonaldâ€™s,SpriteÂ® (Child),110,0,0,0,0,0,30,28,0,28,0,138
McDonaldâ€™s,SpriteÂ® (Small),150,0,0,0,0,0,40,39,0,39,0,189
McDonaldâ€™s,SpriteÂ® (Medium),210,0,0,0,0,0,55,56,0,56,0,266
McDonaldâ€™s,SpriteÂ® (Large),310,0,0,0,0,0,80,83,0,83,0,393
McDonaldâ€™s,Hi-CÂ® Orange Lavaburst (Child),120,0,0,0,0,0,0,32,0,32,0,152
McDonaldâ€™s,Hi-CÂ® Orange Lavaburst (Small),160,0,0,0,0,0,5,44,0,44,0,204
McDonaldâ€™s,Hi-CÂ® Orange Lavaburst (Medium),240,0,0,0,0,0,10,64,0,64,0,304
McDonaldâ€™s,Hi-CÂ® Orange Lavaburst (Large),350,0,0,0,0,0,10,94,0,94,0,444
McDonaldâ€™s,POWERadeÂ® Mountain Blast (Child),70,0,0,0,0,0,65,20,0,16,0,86
McDonaldâ€™s,POWERadeÂ® Mountain Blast (Small),100,0,0,0,0,0,85,27,0,21,0,121
McDonaldâ€™s,POWERadeÂ® Mountain Blast (Medium),150,0,0,0,0,0,130,39,0,31,0,181
McDonaldâ€™s,POWERadeÂ® Mountain Blast (Large),220,0,0,0,0,0,190,58,0,46,0,266
Café Coffee Day,Iced Tea (Child),0,0,0,0,0,0,5,0,0,0,0,0
Café Coffee Day,Iced Tea (Small),0,0,0,0,0,0,10,0,0,0,0,0
Café Coffee Day,Iced Tea (Medium),0,0,0,0,0,0,15,0,0,0,0,0
Café Coffee Day,Iced Tea (Large),0,0,0,0,0,0,20,1,0,0,0,0
Café Coffee Day,Coffee (Small),0,0,0,0,0,0,0,0,0,0,0,0
Café Coffee Day,Coffee (Large),0,0,0,0,0,0,0,0,0,0,0,0
Café Coffee Day,Coffee Cream,20,20,2,1.5,0,10,15,0,0,0,0,21.5
Café Coffee Day,Sugar Packet,15,0,0,0,0,0,0,4,0,4,0,19
Café Coffee Day,"EQUALÂ® 0
Calorie Sweetener",0,0,0,0,0,0,0,1,0,1,0,1
Café Coffee Day,"SPLENDAÂ® No
Calorie Sweetener",0,0,0,0,0,0,0,1,0,1,0,1
Café Coffee Day,Iced Coffeeâ€“ Caramel (Small),130,50,5,3.5,0,20,80,21,0,20,1,152.5
Café Coffee Day,Iced Coffeeâ€“ Caramel (Medium),190,70,8,5,0,30,115,27,0,27,2,220
Café Coffee Day,Iced Coffeeâ€“ Caramel (Large),270,100,11,7,0,40,160,41,0,41,2,316
Café Coffee Day,Iced Coffeeâ€“ Hazelnut (Small),130,50,5,3.5,0,20,40,21,0,21,1,153.5
Café Coffee Day,Iced Coffeeâ€“ Hazelnut (Medium),190,70,8,5,0,30,60,29,0,29,2,222
Café Coffee Day,Iced Coffeeâ€“ Hazelnut (Large),270,100,11,7,0,40,85,43,0,43,2,318
Café Coffee Day,Iced Coffeeâ€“ Regular (Small),140,50,5,3.5,0,20,40,22,0,22,1,164.5
Café Coffee Day,Iced Coffeeâ€“ Regular (Medium),200,70,8,5,0,30,60,30,0,30,2,233
Café Coffee Day,Iced Coffeeâ€“ Regular (Large),280,100,11,7,0,40,85,45,0,45,2,330
Café Coffee Day,Iced Coffeeâ€“ Vanilla (Small),130,50,5,3.5,0,20,40,21,0,21,1,153.5
Café Coffee Day,Iced Coffeeâ€“ Vanilla (Medium),190,70,8,5,0,30,60,29,0,28,2,221
Café Coffee Day,Iced Coffeeâ€“ Vanilla (Large),270,100,11,7,0,40,80,43,0,43,2,318
Café Coffee Day,Iced Coffee with Sugar Free Vanilla Syrup (Small),60,50,5,3.5,0,20,70,8,0,1,1,63.5
Café Coffee Day,Iced Coffee with Sugar Free Vanilla Syrup (Medium),90,70,8,5,0,30,100,11,0,2,2,95
Café Coffee Day,Iced Coffee with Sugar Free Vanilla Syrup (Large),120,100,11,7,0,40,140,16,0,2,2,127
McDonaldâ€™s,Sweet Tea (Child),110,0,0,0,0,0,5,27,0,27,0,137
McDonaldâ€™s,Sweet Tea (Large),280,0,0,0,0,0,15,69,0,69,1,348
McDonaldâ€™s,Sweet Tea (Medium),180,0,0,0,0,0,10,45,0,45,1,224
McDonaldâ€™s,Sweet Tea (Small),150,0,0,0,0,0,10,36,0,36,1,185
McDonaldâ€™s,Nonfat Cappuccino (Small),60,0,0,0,0,5,85,9,0,9,6,63
McDonaldâ€™s,Nonfat Cappuccino (Medium),80,0,0,0,0,5,110,12,0,12,8,84
McDonaldâ€™s,Nonfat Cappuccino (Large),90,0,0,0,0,5,130,13,0,13,9,94
McDonaldâ€™s,Nonfat Latte (Small),90,0,0,0,0,5,115,13,0,13,9,94
McDonaldâ€™s,Nonfat Latte (Medium),110,0,0,0,0,5,140,15,0,15,10,115
McDonaldâ€™s,Nonfat Latte (Large),120,0,0,0,0,5,160,18,0,18,12,126
McDonaldâ€™s,Nonfat Caramel Cappuccino (Small),150,0,0,0,0,5,120,33,0,32,5,177
McDonaldâ€™s,Nonfat Caramel Cappuccino (Medium),190,0,0,0,0,5,150,41,0,41,6,225
McDonaldâ€™s,Nonfat Caramel Cappuccino (Large),230,0,0,0,0,5,180,49,0,49,7,272
McDonaldâ€™s,Nonfat Caramel Latte (Small),170,0,0,0,0,5,150,36,0,36,7,199
McDonaldâ€™s,Nonfat Caramel Latte (Medium),220,0,0,0,0,5,180,45,0,45,9,256
McDonaldâ€™s,Nonfat Caramel Latte (Large),260,0,0,0,0,5,220,53,0,53,10,303
McDonaldâ€™s,Nonfat Hazelnut Cappuccino (Small),150,0,0,0,0,5,70,34,0,34,5,179
McDonaldâ€™s,Nonfat Hazelnut Cappuccino (Medium),190,0,0,0,0,5,90,43,0,43,6,227
McDonaldâ€™s,Nonfat Hazelnut Cappuccino (Large),230,0,0,0,0,5,100,51,0,51,7,274
McDonaldâ€™s,Nonfat Hazelnut Latte (Small),180,0,0,0,0,5,95,37,0,37,7,210
McDonaldâ€™s,Nonfat Hazelnut Latte (Medium),220,0,0,0,0,5,115,46,0,46,9,257
McDonaldâ€™s,Nonfat Hazelnut Latte (Large),260,0,0,0,0,5,135,55,0,55,10,305
McDonaldâ€™s,Nonfat Vanilla Cappuccino (Small),150,0,0,0,0,5,70,34,0,34,5,179
McDonaldâ€™s,Nonfat Vanilla Cappuccino (Medium),190,0,0,0,0,5,90,42,0,42,6,226
McDonaldâ€™s,Nonfat Vanilla Cappuccino (Large),230,0,0,0,0,5,100,51,0,51,7,274
McDonaldâ€™s,Nonfat Vanilla Latte (Small),180,0,0,0,0,5,95,37,0,37,7,210
McDonaldâ€™s,Nonfat Vanilla Latte (Medium),220,0,0,0,0,5,115,46,0,46,9,257
McDonaldâ€™s,Nonfat Vanilla Latte (Large),260,0,0,0,0,5,135,55,0,55,10,305
McDonaldâ€™s,Nonfat Cappuccino with Sugar Free Vanilla Syrup (Small),50,0,0,0,0,5,100,15,0,8,5,53
McDonaldâ€™s,Nonfat Cappuccino with Sugar Free Vanilla Syrup (Medium),70,0,0,0,0,5,130,19,0,10,7,73
McDonaldâ€™s,Nonfat Cappuccino with Sugar Free Vanilla Syrup (Large),80,0,0,0,0,5,150,22,0,11,8,83
McDonaldâ€™s,Nonfat Latte with Sugar Free Vanilla Syrup (Small),80,0,0,0,0,5,130,18,0,11,7,84
McDonaldâ€™s,Nonfat Latte with Sugar Free Vanilla Syrup (Medium),90,0,0,0,0,5,160,22,0,13,9,94
McDonaldâ€™s,Nonfat Latte with Sugar Free Vanilla Syrup (Large),110,0,0,0,0,5,190,27,0,15,11,114
Café Coffee Day,Mocha with Nonfat Milk (Small),240,45,5,3,0,5,130,41,0,34,7,270
Café Coffee Day,Mocha with Nonfat Milk (Medium),280,50,6,3.5,0,10,160,50,0,42,8,317.5
Café Coffee Day,Mocha with Nonfat Milk (Large),330,50,6,3.5,0,10,190,58,0,50,10,373.5
Café Coffee Day,Hot Chocolate with Nonfat Milk (Small),250,45,5,3,0,10,140,43,0,37,8,282
Café Coffee Day,Hot Chocolate with Nonfat Milk (Medium),310,50,6,3.5,0,10,190,55,0,47,11,349.5
Café Coffee Day,Hot Chocolate with Nonfat Milk (Large),390,50,6,3.5,0,10,250,68,0,59,16,436.5
Café Coffee Day,Iced Nonfat Latte (Small),50,0,0,0,0,5,70,7,0,7,5,52
Café Coffee Day,Iced Nonfat Latte (Medium),60,0,0,0,0,5,90,9,0,9,6,63
Café Coffee Day,Iced Nonfat Latte (Large),70,0,0,0,0,5,105,11,0,11,7,74
Café Coffee Day,Iced Nonfat Caramel Latte (Small),140,0,0,0,0,0,105,30,0,30,3,167
Café Coffee Day,Iced Nonfat Caramel Latte (Medium),150,0,0,0,0,5,120,32,0,32,5,177
Café Coffee Day,Iced Nonfat Caramel Latte (Large),190,0,0,0,0,5,150,40,0,40,6,224
Café Coffee Day,Iced Nonfat Hazelnut Latte (Small),140,0,0,0,0,0,50,32,0,32,3,169
Café Coffee Day,Iced Nonfat Hazelnut Latte (Medium),150,0,0,0,0,5,70,33,0,33,5,178
Café Coffee Day,Iced Nonfat Hazelnut Latte (Large),190,0,0,0,0,5,80,42,0,42,6,226
Café Coffee Day,Iced Nonfat Vanilla Latte (Small),140,0,0,0,0,0,50,31,0,31,3,168
Café Coffee Day,Iced Nonfat Vanilla Latte (Medium),150,0,0,0,0,5,70,33,0,33,5,178
Café Coffee Day,Iced Nonfat Vanilla Latte (Large),190,0,0,0,0,5,85,41,0,41,6,225
Café Coffee Day,Iced Nonfat Latte with Sugar Free Vanilla Syrup (Small),40,0,0,0,0,0,85,13,0,5,4,41
Café Coffee Day,Iced Nonfat Latte with Sugar Free Vanilla Syrup (Medium),50,0,0,0,0,5,100,14,0,6,5,51
Café Coffee Day,Iced Nonfat Latte with Sugar Free Vanilla Syrup (Large),60,0,0,0,0,5,130,19,0,8,6,62
Café Coffee Day,Iced Mocha with Nonfat Milk (Medium),270,70,8,4.5,0,10,140,43,0,35,7,302.5
Café Coffee Day,Iced Nonfat Caramel Mocha (Large),300,60,6,4,0,10,230,49,0,45,11,338
Café Coffee Day,Iced Nonfat Caramel Mocha (Medium),240,60,6,4,0,10,190,37,0,34,9,269
Café Coffee Day,Iced Nonfat Caramel Mocha (Small),200,50,6,4,0,10,140,29,0,26,6,224
Café Coffee Day,Nonfat Caramel Mocha (Large),280,35,4,2.5,0,10,260,49,0,46,12,316.5
Café Coffee Day,Nonfat Caramel Mocha (Medium),240,35,4,2.5,0,5,200,41,0,38,9,271.5
Café Coffee Day,Nonfat Caramel Mocha (Small),200,35,4,2.5,0,5,170,34,0,31,8,225.5
Café Coffee Day,Cappuccino (Small),120,60,7,4,0,20,85,9,0,9,6,127
Café Coffee Day,Cappuccino (Medium),140,70,8,4.5,0,25,105,11,0,11,8,147.5
Café Coffee Day,Cappuccino (Large),180,90,10,6,0,30,130,13,0,13,9,190
Café Coffee Day,Latte (Small) ,150,70,8,4.5,0,25,105,11,0,11,8,157.5
Café Coffee Day,Latte (Medium),180,90,10,6,0,30,130,13,0,13,10,189
Café Coffee Day,Latte (Large),210,100,11,7,0,35,150,16,0,16,11,222
McDonaldâ€™s,Caramel Cappuccino (Small),200,45,5,3,0,15,125,32,0,32,5,230
McDonaldâ€™s,Caramel Cappuccino (Medium),240,50,6,3.5,0,20,150,41,0,40,6,277.5
McDonaldâ€™s,Caramel Cappuccino (Large),290,70,8,4.5,0,25,190,49,0,49,8,335.5
McDonaldâ€™s,Caramel Latte (Small),230,60,7,4,0,20,140,35,0,35,7,262
McDonaldâ€™s,Caramel Latte (Medium),280,70,8,4.5,0,25,170,43,0,43,8,319.5
McDonaldâ€™s,Caramel Latte (Large),330,80,9,5,0,30,210,52,0,51,9,377
McDonaldâ€™s,Hazelnut Cappuccino (Small),200,45,5,3,0,15,70,34,0,34,5,232
McDonaldâ€™s,Hazelnut Cappuccino (Medium),240,50,6,3.5,0,20,85,42,0,42,6,279.5
McDonaldâ€™s,Hazelnut Cappuccino (Large),290,70,8,4.5,0,25,105,51,0,51,7,338.5
McDonaldâ€™s,Hazelnut Latte (Small),230,60,7,4,0,20,90,36,0,36,7,263
McDonaldâ€™s,Hazelnut Latte (Medium),280,70,8,4.5,0,25,110,45,0,45,8,321.5
McDonaldâ€™s,Hazelnut Latte (Large),330,80,9,5,0,30,130,53,0,53,9,379
Café Coffee Day,Vanilla Cappuccino (Small),200,45,5,3,0,15,70,34,0,34,5,232
Café Coffee Day,Vanilla Cappuccino (Medium),240,50,6,3.5,0,20,85,42,0,42,6,279.5
Café Coffee Day,Vanilla Cappuccino (Large),290,70,8,4.5,0,25,105,51,0,51,7,338.5
Café Coffee Day,Vanilla Latte (Small),230,60,7,4,0,20,90,36,0,36,7,263
Café Coffee Day,Vanilla Latte (Medium),280,70,8,4.5,0,25,110,44,0,44,8,320.5
Café Coffee Day,Vanilla Latte (Large),330,80,9,5,0,30,130,53,0,53,9,379
Café Coffee Day,Cappuccino with Sugar Free Vanilla Syrup (Small),100,50,5,3,0,15,105,15,0,7,5,105
Café Coffee Day,Cappuccino with Sugar Free Vanilla Syrup (Medium),120,60,6,3.5,0,20,130,18,0,9,6,126.5
Café Coffee Day,Cappuccino with Sugar Free Vanilla Syrup (Large),150,70,8,4.5,0,25,160,22,0,11,8,157.5
Café Coffee Day,Latte with Sugar Free Vanilla Syrup (Small),130,60,7,4,0,20,125,17,0,10,7,137
Café Coffee Day,Latte with Sugar Free Vanilla Syrup (Medium),160,70,8,5,0,25,150,21,0,11,8,168
Café Coffee Day,Latte with Sugar Free Vanilla Syrup (Large),180,90,10,6,0,30,180,25,0,13,10,189
McDonaldâ€™s,Mocha (Small),280,100,11,6,0,20,125,40,0,33,6,313
McDonaldâ€™s,Mocha (Medium),330,110,12,7,0,25,150,48,0,41,7,371
McDonaldâ€™s,Mocha (Large),400,130,14,8,0.5,30,190,58,0,49,10,447
Café Coffee Day,Hot Chocolate (Small),300,110,12,7,0,25,135,41,0,35,8,334
Café Coffee Day,Hot Chocolate (Medium),380,130,15,9,0.5,30,170,53,0,45,10,424
Café Coffee Day,Hot Chocolate (Large),460,160,18,10,0.5,40,220,63,0,54,13,511
Café Coffee Day,Iced Latte (Small),80,40,4.5,2.5,0,15,65,6,0,6,4,84.5
Café Coffee Day,Iced Latte (Medium),100,50,6,3.5,0,15,80,8,0,8,6,105.5
Café Coffee Day,Iced Latte (Large),140,70,8,4.5,0,25,105,10,0,10,7,147.5
Café Coffee Day,Iced Caramel Latte (Small),160,25,3,1.5,0,10,100,29,0,29,3,187.5
Café Coffee Day,Iced Caramel Latte (Medium),180,40,4.5,2.5,0,15,120,31,0,31,4,209.5
Café Coffee Day,Iced Caramel Latte (Large),230,50,6,3.5,0,15,150,40,0,40,6,267.5
Café Coffee Day,Iced Hazelnut Latte (Small),160,25,3,1.5,0,10,45,31,0,31,3,189.5
Café Coffee Day,Iced Hazelnut Latte (Medium),180,40,4.5,2.5,0,15,65,33,0,33,4,211.5
Café Coffee Day,Iced Hazelnut Latte (Large),230,50,6,3.5,0,15,85,41,0,41,6,268.5
Café Coffee Day,Iced Vanilla Latte (Small),160,25,3,1.5,0,10,45,31,0,31,3,189.5
Café Coffee Day,Iced Vanilla Latte (Medium),190,40,4.5,2.5,0,15,70,33,0,33,5,220.5
Café Coffee Day,Iced Vanilla Latte (Large),230,50,6,3.5,0,15,85,41,0,41,6,268.5
Café Coffee Day,Iced Latte with Sugar Free Vanilla Syrup (Small),60,30,3,2,0,10,80,12,0,4,3,63
Café Coffee Day,Iced Latte with Sugar Free Vanilla Syrup (Medium),90,40,5,3,0,15,105,14,0,6,5,94
Café Coffee Day,Iced Latte with Sugar Free Vanilla Syrup (Large),110,50,6,3.5,0,15,130,19,0,8,6,115.5
Café Coffee Day,Iced Mocha (Medium),310,120,13,8,0,25,140,42,0,35,7,346
Café Coffee Day,Caramel Mocha (Large),360,130,14,8,0.5,35,220,47,0,46,10,404
Café Coffee Day,Caramel Mocha (Medium),290,100,12,7,0,25,180,39,0,38,8,327
Café Coffee Day,Caramel Mocha (Small),250,90,11,6,0,25,150,33,0,31,7,280
Café Coffee Day,Iced Caramel Mocha (Large),380,140,16,9,0.5,35,210,48,0,46,10,425
Café Coffee Day,Iced Caramel Mocha (Medium),300,120,14,8,0,30,160,36,0,33,8,333
Café Coffee Day,Iced Caramel Mocha (Small),240,100,12,7,0,25,130,29,0,26,6,267
Café Coffee Day,Frappe Caramel (Small),450,180,20,13,1,55,135,61,0,57,6,514
Café Coffee Day,Frappe Caramel (Medium),550,220,24,15,1,70,160,76,0,71,8,628
Café Coffee Day,Frappe Caramel (Large),680,260,29,18,1.5,85,200,94,0,88,10,776
Café Coffee Day,Frappe Mocha (Small),450,180,20,13,1,55,130,62,1,56,7,512
Café Coffee Day,Frappe Mocha (Medium),560,210,24,15,1,65,160,78,1,70,8,637
Café Coffee Day,Frappe Mocha (Large),680,250,28,18,1,80,200,96,1,87,10,775
Café Coffee Day,Strawberry Banana Smoothie (Large),330,10,1,0.5,0,5,55,77,4,70,3,397.5
Café Coffee Day,Strawberry Banana Smoothie (Medium),260,5,1,0,0,5,40,60,3,54,2,312
Café Coffee Day,Strawberry Banana Smoothie (Small),210,5,0.5,0,0,5,35,49,2,44,2,252
Café Coffee Day,Wild Berry Smoothie (Large),320,10,1,0.5,0,5,45,75,4,69,3,386.5
Café Coffee Day,Wild Berry Smoothie (Medium),260,5,1,0,0,5,35,60,4,55,3,312
Café Coffee Day,Wild Berry Smoothie (Small),210,5,0.5,0,0,5,30,48,3,44,2,252
McDonaldâ€™s,WhopperÂ® Sandwich,660,360,40,12,1.5,90,980,49,2,11,28,655
McDonaldâ€™s,WhopperÂ® Sandwich with Cheese,740,420,46,16,2,115,1340,50,2,11,32,735
McDonaldâ€™s,Bacon & Cheese WhopperÂ® Sandwich,790,460,51,17,2,125,1560,50,2,11,35,783
McDonaldâ€™s,Double WhopperÂ® Sandwich,900,520,58,20,3,175,1050,49,2,11,48,883
McDonaldâ€™s,Double WhopperÂ® Sandwich with Cheese,980,580,64,24,3,195,1410,50,2,11,52,963
McDonaldâ€™s,Triple WhopperÂ® Sandwich,1130,680,75,28,4,255,1120,49,2,11,67,1102
McDonaldâ€™s,Triple WhopperÂ® Sandwich with Cheese,1220,740,82,32,4.5,280,1470,50,2,11,71,1192
McDonaldâ€™s,Whopper JR.Â® Sandwich,310,160,18,5,0.5,40,390,27,1,7,13,309
McDonaldâ€™s,Bacon King Sandwich,1150,710,79,31,3.5,240,2150,49,2,10,61,1130
McDonaldâ€™s,Cheddar Bacon King Sandwich,1190,750,84,33,3.5,235,1930,50,2,11,64,1170
McDonaldâ€™s,Single Quarter Pound King Sandwich,580,260,29,13,1.5,105,1310,49,2,10,32,571
McDonaldâ€™s,Double Quarter Pound King Sandwich,900,480,54,25,3,210,1740,50,2,11,56,880
McDonaldâ€™s,Single Stacker King,700,380,42,16,2,125,1360,48,1,10,35,691
McDonaldâ€™s,Double Stacker King,1050,610,68,28,3.5,235,1870,49,1,11,61,1028
McDonaldâ€™s,IMPOSSIBLE WhopperÂ® Sandwich,630,310,34,11,0,10,1080,58,4,12,25,628
McDonaldâ€™s,Hamburger,240,90,10,3.5,0.5,35,380,26,1,6,13,237
McDonaldâ€™s,Cheeseburger,280,120,13,6,0.5,45,560,27,1,7,15,278
McDonaldâ€™s,Double Hamburger,350,160,18,7,1,70,410,26,1,6,21,342
McDonaldâ€™s,Double Cheeseburger,390,190,21,9,1.5,85,590,27,1,7,23,383
McDonaldâ€™s,Extra Long Cheeseburger,630,330,37,14,1.5,100,1050,45,2,9,29,624
McDonaldâ€™s,Bacon Cheeseburger,320,140,16,7,0.5,55,710,27,1,7,17,317
McDonaldâ€™s,Bacon Double Cheeseburger,420,210,24,10,1.5,90,740,27,1,7,25,412
McDonaldâ€™s,Crispy Chicken Sandwich,670,370,41,7,0,60,1080,54,2,8,23,662
McDonaldâ€™s,Spicy Crispy Chicken Sandwich,700,370,42,7,0,65,1140,57,3,8,25,690
McDonaldâ€™s,Original Chicken Sandwich,660,360,40,7,0,75,1170,48,2,5,28,644
McDonaldâ€™s,Bacon & Cheese Crispy Chicken Sandwich,800,460,52,13,1,95,1650,55,2,8,30,791
McDonaldâ€™s,BBQ Bacon Crispy Chicken Sandwich,790,440,49,10,0.5,80,1630,60,2,13,28,785
McDonaldâ€™s,Crispy Chicken Jr.,450,270,30,5,0,30,780,34,2,5,12,448
McDonaldâ€™s,Spicy Crispy Chicken Jr.,390,190,21,3.5,0,30,740,37,2,6,12,388
McDonaldâ€™s,Chicken Nuggets- 4pc,170,100,11,1.5,0,25,310,11,1,0,8,164
McDonaldâ€™s,Chicken Nuggets- 6pc,260,150,16,2.5,0,35,470,16,1,0,12,251
McDonaldâ€™s,Chicken Nuggets- 10pc,430,240,27,4.5,0,55,780,27,2,0,20,415
McDonaldâ€™s,Chicken Nuggets- 20pc,860,490,54,9,0,115,1570,53,3,1,39,831
McDonaldâ€™s,Spicy Chicken Nuggets- 4pc,210,130,15,3,0,20,570,11,2,0,8,205
McDonaldâ€™s,Spicy Chicken Nuggets- 6pc,320,200,22,4.5,0,35,850,17,3,0,12,313
McDonaldâ€™s,Spicy Chicken Nuggets- 10 pc,530,330,37,7,0,55,1420,28,4,1,20,518
McDonaldâ€™s,Spicy Chicken Nuggets- 20 pc,1050,670,74,15,0,110,2840,56,9,1,40,1026
McDonaldâ€™s,Chicken Fries â€“ 9 pc.,280,150,17,2.5,0,35,850,20,1,1,13,271
McDonaldâ€™s,Crispy Taco,170,80,9,3,0,10,410,19,2,1,5,169
McDonaldâ€™s,BIG FISH Sandwich,510,250,28,4.5,0,30,1180,51,2,7,16,506
McDonaldâ€™s,Garden Chicken Salad with Crispy Chicken â€“ no dressing,440,220,25,7,0,75,930,31,3,4,25,426
McDonaldâ€™s,Club Salad with Crispy Chicken â€“ no dressing,540,300,33,10,0,95,1380,31,3,5,31,524
McDonaldâ€™s,Garden Side Salad â€“ w/o dressing,60,35,4,2.5,0,10,95,3,1,2,4,61
McDonaldâ€™s,Kenâ€™s Ranch Dressing,260,250,28,4,0,10,240,2,0,2,1,265
McDonaldâ€™s,Kenâ€™s Golden Italian Dressing,160,150,17,2.5,0,0,380,4,0,3,0,166
McDonaldâ€™s,Kenâ€™s Lite Honey Balsamic Vinaigrette,120,70,8,1,0,0,220,14,0,11,0,132
McDonaldâ€™s,Buttery Garlic Croutons- Packet,60,20,2.5,0,0,10,180,9,0,1,1,60
McDonaldâ€™s,Onion Rings â€“ value,150,70,8,1.5,0,0,400,19,1,2,1,153
McDonaldâ€™s,Onion Rings â€“ small,320,150,16,3,0,0,840,41,3,4,3,324
McDonaldâ€™s,Onion Rings â€“ medium,410,190,21,3.5,0,0,1080,53,4,5,4,415
McDonaldâ€™s,Onion Rings â€“ large,500,230,25,4.5,0,0,1310,64,5,7,5,507
McDonaldâ€™s,French Fries â€“ value (unsalted),220,80,9,1.5,0,0,210,34,3,1,2,221
McDonaldâ€™s,French Fries â€“ small,320,120,13,2,0,0,300,49,5,1,4,319
McDonaldâ€™s,French Fries â€“ medium,380,140,16,2,0,0,360,58,6,1,4,379
McDonaldâ€™s,French Fries â€“ large,430,160,18,2.5,0,0,410,66,7,2,5,430
McDonaldâ€™s,Kids Oatmeal,170,30,3,1.5,0,5,260,32,3,12,4,180
McDonaldâ€™s,Chicken Nuggets- 4pc,170,100,11,1.5,0,25,310,11,1,0,8,164
McDonaldâ€™s,Chicken Nuggets- 6pc,260,150,16,2.5,0,35,470,16,1,0,12,251
McDonaldâ€™s,Hamburger,240,90,10,3.5,0.5,35,380,26,1,6,13,237
McDonaldâ€™s,Cheeseburger,280,120,13,6,0.5,45,560,27,1,7,15,278
McDonaldâ€™s,Mottâ€™sÂ® Natural Applesauce,50,0,0,0,0,0,0,13,1,11,0,61
McDonaldâ€™s,Fat FREE Milk (8 fl oz),90,0,0,0,0,5,125,13,0,12,9,93
McDonaldâ€™s,1% Low Fat Chocolate Milk (8 fl oz),160,25,2.5,1.5,0,15,150,26,0,25,8,179
McDonaldâ€™s,Capri SunÂ® 100% Apple Juice (6 fl oz),80,0,0,0,0,0,25,20,0,20,0,100
McDonaldâ€™s,PB&J Jamwich,300,140,16,3,0,0,290,33,4,11,11,303
McDonaldâ€™s,Soft Serve Cone,190,40,4.5,3,0,20,150,32,0,24,5,212
McDonaldâ€™s,Dutch Apple Pie,340,130,14,6,0,0,310,51,1,25,3,368
McDonaldâ€™s,HERSHEYÂ®â€™S Sundae Pie,310,170,19,12,0,10,220,32,1,22,3,341
McDonaldâ€™s,Pie made with TWIXÂ®,370,180,20,13,0,10,330,45,1,30,4,409
McDonaldâ€™s,OREOÂ® Cookie Cheesecake,350,170,18,8,0,35,310,41,1,25,6,377
McDonaldâ€™s,Soft Serve Cone,190,40,4.5,3,0,20,150,32,0,24,5,212
McDonaldâ€™s,Soft Serve Cup,170,40,4.5,3,0,20,150,28,0,24,5,192
McDonaldâ€™s,HERSHEYÂ®â€™s Chocolate Sundae,260,45,5,3,0,20,160,49,1,43,5,301
McDonaldâ€™s,Caramel Sundae,240,50,5,3.5,0,20,210,42,0,33,5,272
McDonaldâ€™s,Chocolate Chip Cookies (each),160,70,8,4,0,10,125,24,1,15,2,177
McDonaldâ€™s,CROISSANâ€™WICHÂ® Egg & Cheese,340,170,18,8,0,160,610,29,1,4,12,340
McDonaldâ€™s,"CROISSANâ€™WICHÂ® Sausage, Egg & Cheese",500,300,33,13,0,195,930,30,1,4,19,498
McDonaldâ€™s,"CROISSANâ€™WICHÂ® Ham, Egg & Cheese",370,170,19,8,0,175,1030,30,1,5,17,366
McDonaldâ€™s,"CROISSANâ€™WICHÂ® Bacon, Egg & Cheese",370,190,21,9,0,170,760,30,1,4,14,369
McDonaldâ€™s,Fully Loaded CROISSANâ€™WICHÂ®,610,360,40,17,0.5,225,1680,31,1,5,28,604
McDonaldâ€™s,Double CROISSANâ€™WICHÂ® with Sausage & Bacon,580,340,40,16,0.5,215,1260,31,1,5,23,578
McDonaldâ€™s,Double CROISSANâ€™WICHÂ® with Sausage,710,470,52,20,0.5,240,1420,31,1,5,29,706
McDonaldâ€™s,Double CROISSANâ€™WICHÂ® with Ham & Sausage,580,340,38,16,0.5,220,1530,31,1,5,27,574
McDonaldâ€™s,Fully Loaded Biscuit,640,400,45,20,0,225,2190,31,1,4,28,636
McDonaldâ€™s,"Ham, Egg, & Cheese Biscuit",400,210,24,12,0,175,1550,29,1,3,17,398
McDonaldâ€™s,"Sausage, Egg, & Cheese Biscuit",530,340,38,17,0,195,1440,29,1,3,19,531
McDonaldâ€™s,"Bacon, Egg & Cheese Biscuit",400,230,26,13,0,170,1270,29,1,3,13,403
McDonaldâ€™s,Sausage Biscuit,420,250,28,6,0,35,1050,28,1,2,12,416
McDonaldâ€™s,Breakfast Burrito Jr.,370,210,23,8,0,150,930,27,3,2,15,365
McDonaldâ€™s,EGG-NORMOUS BURRITOÎ¡,780,380,42,15,0,355,1960,68,3,4,32,767
McDonaldâ€™s,BKâ„¢ Ultimate Breakfast Platter,930,390,44,11,0,390,2230,110,4,40,24,957
McDonaldâ€™s,NY Ultimate Platter (Regional menu item),900,420,46,12,0,380,1760,95,5,31,25,918
McDonaldâ€™s,Pancake and Sausage platter,610,280,31,9,0,80,1010,72,1,30,12,637
McDonaldâ€™s,Hash Browns â€“ small,250,150,16,3.5,0,0,580,24,3,0,2,252
McDonaldâ€™s,Hash Browns â€“ medium,500,290,33,7,0,0,1140,48,7,0,4,503
McDonaldâ€™s,Hash Browns â€“ large,670,390,44,9,0,0,1530,65,9,0,5,674
McDonaldâ€™s,French Toast Sticks (3 piece),230,100,11,2,0,0,260,29,1,8,3,237
McDonaldâ€™s,French Toast Sticks (5 piece),380,160,18,3,0,0,430,49,2,13,5,391
McDonaldâ€™s,American Cheese (slice),40,30,3.5,2,0,10,180,1,0,0,2,40
McDonaldâ€™s,Ketchup (Packet),10,0,0,0,0,0,125,3,0,2,0,12
McDonaldâ€™s,Mayonnaise (Packet),80,80,9,0.5,0,10,75,1,0,0,0,81
McDonaldâ€™s,Strawberry or Grape Jam (packet),30,0,0,0,0,0,0,7,0,6,0,36
McDonaldâ€™s,Breakfast Syrup (1 oz),120,0,0,0,0,0,15,30,0,18,0,138
McDonaldâ€™s,Barbecue Dipping Sauce (1 oz),40,0,0,0,0,0,310,11,0,10,0,50
McDonaldâ€™s,Ranch Dipping Sauce (1 oz),140,140,15,2.5,0,10,85,1,0,1,1,143
McDonaldâ€™s,Buffalo Dipping Sauce (1 oz),80,70,8,1.5,0,5,360,2,0,1,0,83
McDonaldâ€™s,Zesty Onion Ring Dipping Sauce (1 oz),150,140,15,2.5,0,20,240,3,0,0,0,153
McDonaldâ€™s,Honey Mustard Dipping Sauce (1oz),90,60,6,1,0,10,180,8,0,7,0,98
McDonaldâ€™s,Fat FREE Milk (8 fl oz),90,0,0,0,0,5,125,13,0,12,9,93
McDonaldâ€™s,1% Low Fat Chocolate Milk (8 fl oz),160,25,2.5,1.5,0,15,150,26,0,25,8,179
McDonaldâ€™s,Smoothie: Strawberry Banana 16 fl oz,310,10,1,0,0,0,55,71,3,50,4,356
McDonaldâ€™s,OreoÂ® Shake,720,180,20,12,0.5,65,540,118,1,98,16,814
McDonaldâ€™s,Chocolate OreoÂ® Shake,740,190,22,13,0.5,70,680,121,1,101,17,837
McDonaldâ€™s,Vanilla Milk Shake,580,140,15,10,0,60,420,98,0,85,14,661
McDonaldâ€™s,HERSHEYÂ®â€™S Chocolate Milk Shake,610,140,16,10,0,60,500,103,1,88,14,694
McDonaldâ€™s,Strawberry Milk Shake,640,140,15,10,0,60,440,113,0,99,14,735
McDonaldâ€™s,Coca Cola classicÂ®â€¡,Â ,Â ,Â ,Â ,Â ,Â ,Â ,Â ,Â ,Â ,Â ,Â 
McDonaldâ€™s,16 fl oz,210,0,0,0,0,0,50,58,0,58,0,268
McDonaldâ€™s,20 fl oz,270,0,0,0,0,0,60,73,0,73,0,343
McDonaldâ€™s,29 fl oz,290,0,0,0,0,0,85,105,0,105,0,395
McDonaldâ€™s,38 fl oz,510,0,0,0,0,0,115,138,0,138,0,648
McDonaldâ€™s,Diet CokeÂ®â€¡,Â ,Â ,Â ,Â ,Â ,Â ,Â ,Â ,Â ,Â ,Â ,Â 
McDonaldâ€™s,16 fl oz,0,0,0,0,0,0,70,0,0,0,0,0
McDonaldâ€™s,20 fl oz,0,0,0,0,0,0,85,0,0,0,0,0
McDonaldâ€™s,29 fl oz,0,0,0,0,0,0,120,0,0,0,0,0
McDonaldâ€™s,38 fl oz,0,0,0,0,0,0,160,0,0,0,0,0
McDonaldâ€™s,SpriteÂ®â€¡,Â ,Â ,Â ,Â ,Â ,Â ,Â ,Â ,Â ,Â ,Â ,Â 
McDonaldâ€™s,16 fl oz,210,0,0,0,0,0,95,56,0,56,0,266
McDonaldâ€™s,20 fl oz,260,0,0,0,0,0,120,70,0,70,0,330
McDonaldâ€™s,29 fl oz,380,0,0,0,0,0,170,102,0,102,0,482
McDonaldâ€™s,38 fl oz,500,0,0,0,0,0,230,133,0,133,0,633
McDonaldâ€™s,Dr. PepperÂ®â€¡,Â ,Â ,Â ,Â ,Â ,Â ,Â ,Â ,Â ,Â ,Â ,Â 
McDonaldâ€™s,16 fl oz,190,0,0,0,0,0,60,52,0,51,0,241
McDonaldâ€™s,20 fl oz,240,0,0,0,0,0,75,65,0,64,0,304
McDonaldâ€™s,29 fl oz,350,0,0,0,0,0,105,94,0,93,0,443
McDonaldâ€™s,38 fl oz,450,0,0,0,0,0,140,124,0,121,0,571
McDonaldâ€™s,Barqâ€™sÂ® Root Beerâ€¡,Â ,Â ,Â ,Â ,Â ,Â ,Â ,Â ,Â ,Â ,Â ,Â 
McDonaldâ€™s,16 fl oz,240,0,0,0,0,0,100,65,0,65,0,305
McDonaldâ€™s,20 fl oz,300,0,0,0,0,0,120,81,0,81,0,381
McDonaldâ€™s,29 fl oz,350,0,0,0,0,0,180,118,0,118,0,468
McDonaldâ€™s,38 fl oz,450,0,0,0,0,0,230,155,0,155,0,605
McDonaldâ€™s,Cherry CokeÂ®â€¡,Â ,Â ,Â ,Â ,Â ,Â ,Â ,Â ,Â ,Â ,Â ,Â 
McDonaldâ€™s,16 fl oz,220,0,0,0,0,0,55,61,0,61,0,281
McDonaldâ€™s,20 fl oz,280,0,0,0,0,0,70,76,0,76,0,356
McDonaldâ€™s,29 fl oz,410,0,0,0,0,0,100,110,0,110,0,520
McDonaldâ€™s,38 fl oz,450,0,0,0,0,0,130,145,0,145,0,595
McDonaldâ€™s,FantaÂ® Orangeâ€¡,Â ,Â ,Â ,Â ,Â ,Â ,Â ,Â ,Â ,Â ,Â ,Â 
McDonaldâ€™s,16 fl oz,230,0,0,0,0,0,60,62,0,61,0,291
McDonaldâ€™s,20 fl oz,280,0,0,0,0,0,70,78,0,77,0,357
McDonaldâ€™s,29 fl oz,410,0,0,0,0,0,105,113,0,111,0,521
McDonaldâ€™s,38 fl oz,530,0,0,0,0,0,135,148,0,146,0,676
McDonaldâ€™s,Hi-CÂ® Fruit Punchâ€¡,Â ,Â ,Â ,Â ,Â ,Â ,Â ,Â ,Â ,Â ,Â ,Â 
McDonaldâ€™s,16 fl oz,220,0,0,0,0,0,75,62,0,60,0,280
McDonaldâ€™s,20 fl oz,280,0,0,0,0,0,95,77,0,75,0,355
McDonaldâ€™s,29 fl oz,410,0,0,0,0,0,135,111,0,109,0,519
McDonaldâ€™s,38 fl oz,450,0,0,0,0,0,180,146,0,143,0,593
McDonaldâ€™s,MINUTE MAIDÂ® Light Lemonade,Â ,Â ,Â ,Â ,Â ,Â ,Â ,Â ,Â ,Â ,Â ,Â 
McDonaldâ€™s,16 fl oz,10,0,0,0,0,0,60,3,0,0,0,0
McDonaldâ€™s,20 fl oz,10,0,0,0,0,0,70,4,0,0,0,0
McDonaldâ€™s,29 fl oz,15,0,0,0,0,0,105,5,0,0,0,0
McDonaldâ€™s,38 fl oz,20,0,0,0,0,0,135,7,0,0,0,0
McDonaldâ€™s,Sweet Tea,Â ,Â ,Â ,Â ,Â ,Â ,Â ,Â ,Â ,Â ,Â ,Â 
McDonaldâ€™s,20 fl oz,120,0,0,0,0,0,0,35,0,35,0,155
McDonaldâ€™s,29 fl oz,160,0,0,0,0,0,0,49,0,49,0,209
McDonaldâ€™s,40 fl oz,240,0,0,0,0,0,0,71,0,71,0,311
McDonaldâ€™s,Unsweetened Tea,Â ,Â ,Â ,Â ,Â ,Â ,Â ,Â ,Â ,Â ,Â ,Â 
McDonaldâ€™s,20 fl oz,0,0,0,0,0,0,0,0,0,0,0,0
McDonaldâ€™s,29 fl oz,0,0,0,0,0,0,0,0,0,0,0,0
McDonaldâ€™s,40 fl oz,0,0,0,0,0,0,0,0,0,0,0,0
McDonaldâ€™s,Capri SunÂ® 100% Apple Juice,80,0,0,0,0,0,25,20,0,20,0,100
McDonaldâ€™s,Minute MaidÂ® Orange Juice,140,0,0,0,0,0,20,33,0,30,2,168
McDonaldâ€™s,Frozen CokeÂ® â€“ 16 oz,130,0,0,0,0,0,50,35,0,35,0,165
McDonaldâ€™s,BKÂ® CafÃ© Coffee- 12 fl oz,0,0,0,0,0,0,0,0,0,0,0,0
McDonaldâ€™s,BKÂ® CafÃ© Coffee- 16 fl oz,0,0,0,0,0,0,0,0,0,0,0,0
McDonaldâ€™s,BKÂ® CafÃ© Coffee- 20 fl oz,0,0,0,0,0,0,0,0,0,0,0,0
McDonaldâ€™s,BKÂ® CafÃ© Decaf Coffee- 12 fl oz,0,0,0,0,0,0,0,0,0,0,0,0
McDonaldâ€™s,BKÂ® CafÃ© Decaf Coffee- 16 fl oz,0,0,0,0,0,0,0,0,0,0,0,0
McDonaldâ€™s,BKÂ® CafÃ© Decaf Coffee- 20 fl oz,0,0,0,0,0,0,0,0,0,0,0,0
Café Coffee Day,BKÂ® CafÃ© Iced Vanilla Coffee- 12 fl oz,150,70,8,4,0,25,30,21,0,21,1,174
Café Coffee Day,BKÂ® CafÃ© Iced Vanilla Coffee- 16 fl oz,200,90,10,5,0,30,40,27,0,27,2,230
Café Coffee Day,BKÂ® CafÃ© Iced Vanilla Coffee- 20 fl oz,260,110,13,7,0,40,50,34,0,34,2,299
Café Coffee Day,BKÂ® CafÃ© Iced Mocha Coffee- 12 fl oz,180,70,8,4,0,25,40,27,1,25,2,207
Café Coffee Day,BKÂ® CafÃ© Iced Mocha Coffee- 16 fl oz,240,90,10,6,0,30,55,35,1,32,2,276
Café Coffee Day,BKÂ® CafÃ© Iced Mocha Coffee- 20 fl oz,300,120,13,7,0,40,70,45,2,41,3,345
Café Coffee Day,BKÂ® CafÃ© Mocha Frappe- 12 fl oz,300,80,8,5,0,30,200,50,1,41,7,339
Café Coffee Day,BKÂ® CafÃ© Mocha Frappe- 16 fl oz,400,90,10,7,0,40,270,68,1,58,9,456
Café Coffee Day,BKÂ® CafÃ© Mocha Frappe- 20 fl oz,510,110,13,8,0,50,350,87,1,71,12,577
Café Coffee Day,BKÂ® CafÃ© Caramel Frappe- 12 fl oz,300,80,8,5,0,35,210,50,0,41,7,339
Café Coffee Day,BKÂ® CafÃ© Caramel Frappe- 16 fl oz,400,90,10,7,0,40,280,68,0,56,9,454
Café Coffee Day,BKÂ® CafÃ© Caramel Frappe- 20 fl oz,500,110,12,8,0,50,350,86,0,71,11,568
McDonaldâ€™s,Baconator,950,,62,24,3,205,1630,40,2,8,59,923
McDonaldâ€™s,Daveâ€™s Double,810,,51,20,3,175,1280,41,3,8,49,789
McDonaldâ€™s,Daveâ€™s Single,570,,34,13,1.5,100,1110,40,3,9,30,562
McDonaldâ€™s,Daveâ€™s Triple,1090,,72,30,4,260,1650,43,3,9,71,1058
McDonaldâ€™s,Double Stack,390,,21,9,1.5,90,740,26,1,6,25,380
McDonaldâ€™s,Jr. Bacon Cheeseburger,380,,22,8,1,65,680,25,1,5,19,374
McDonaldâ€™s,Jr. Cheeseburger,280,,13,6,1,50,660,26,1,6,16,276
McDonaldâ€™s,Jr. Cheeseburger Deluxe,340,,19,7,1,55,660,27,2,7,16,338
McDonaldâ€™s,Son of Baconator,630,,39,15,1.5,125,1280,37,2,7,34,618
McDonaldâ€™s,3 Piece Chicken Tenders,330,,16,2.5,0,75,1010,22,0,0,24,309
McDonaldâ€™s,4 Piece Chicken Nuggets,170,,11,2,0,35,340,10,0,0,9,163
McDonaldâ€™s,4 Piece Chicken Tenders,430,,21,3.5,0,100,1350,29,0,1,32,403
McDonaldâ€™s,6 Picece Chicken Nuggets,250,,16,3.5,0,50,510,14,1,0,13,241
McDonaldâ€™s,6 Piece Chicken Tenders,650,,32,5,0,150,2020,43,0,1,48,608
McDonaldâ€™s,10 Piece Chicken Nuggets,420,,27,5,0,80,850,24,1,0,22,403
McDonaldâ€™s,Crispy Chicken BLT,420,,23,6,0,50,950,35,2,5,20,411
McDonaldâ€™s,Crispy Chicken Sandwich,330,,16,3,0,30,600,33,2,4,14,323
McDonaldâ€™s,Grilled Asiago Ranch Club,530,,23,7,0,120,1220,36,3,6,43,500
McDonaldâ€™s,Grilled Chicken Sandwich,370,,10,2,0,90,830,38,3,8,34,346
McDonaldâ€™s,Grilled Chicken Wrap,270,,10,3.5,0,55,640,24,2,3,20,257
McDonaldâ€™s,Homestyle Asiago Ranch Chicken Club,660,,34,9,0,100,1650,52,3,7,38,638
McDonaldâ€™s,Homestyle Chicken Sandwich,510,,22,4,0,70,1150,51,3,6,28,492
McDonaldâ€™s,Sâ€™Awesome Sauce,120,,12,2,0,0,170,4,1,3,1,124
McDonaldâ€™s,Spicy Asiago Ranch Club,670,,32,9,0,100,1530,55,4,6,38,647
McDonaldâ€™s,Spicy Chicken Sandwich,510,,20,3.5,0,65,1030,54,4,6,29,491
McDonaldâ€™s,Spicy Chicken Wrap,370,,20,5,0,50,850,30,2,2,18,359
McDonaldâ€™s,"Apple Pecan Chicken Salad, Full Size",560,,24,7,0,115,1020,52,7,40,38,569
McDonaldâ€™s,"Apple Pecan Chicken Salad, Half Size",340,,17,4,0,55,550,29,4,22,20,346
McDonaldâ€™s,"Berry Burst Chicken Salad, Full Size",460,,17,4.5,0,105,1090,41,7,29,41,453
McDonaldâ€™s,"Berry Burst Chicken Salad, Half Size",290,,13,2.5,0,50,570,23,5,15,23,285
McDonaldâ€™s,Caesar Side Salad,240,,15,4,0,30,500,19,3,4,8,240
McDonaldâ€™s,Garden Side Salad,250,,18,4,0,20,460,18,2,4,7,251
McDonaldâ€™s,"Southwest Avocado Chicken Salad, Full Size",600,,41,11,0,135,1220,18,7,7,42,576
McDonaldâ€™s,"Southwest Avocado Chicken Salad, Half Size",300,,20,6,0,70,620,10,4,4,21,289
McDonaldâ€™s,"Spicy Caesar Chicken Salad, Full Size",720,,42,12,1,150,1680,44,8,6,42,696
McDonaldâ€™s,"Spicy Caesar Chicken Salad, Half Size",410,,23,6,0.5,75,930,30,5,4,23,397
McDonaldâ€™s,"Taco Salad, Full Size",660,,32,13,1,85,1820,63,10,18,32,659
McDonaldâ€™s,"Taco Salad, Half Size",470,,23,8,0.5,45,1320,49,7,12,19,471
McDonaldâ€™s,Apple Bites,35,,0,0,0,0,0,9,2,7,0,42
McDonaldâ€™s,Baconator Fries,490,,28,9,0,35,550,45,4,2,14,487
McDonaldâ€™s,Bacon Cheese Baked Potato,440,,14,6,0,35,550,64,7,4,17,433
McDonaldâ€™s,Cheese Baked Potato,430,,13,7,0,30,560,65,7,5,14,428
McDonaldâ€™s,Chili & Cheese Baked Potato,460,,11,5,0,35,710,71,8,7,19,453
McDonaldâ€™s,"Chili, Large",250,,7,3,0.5,50,1170,23,5,9,23,239
McDonaldâ€™s,"Chili, Small",170,,5,2,0,35,780,16,4,6,15,163
McDonaldâ€™s,Chili Cheese Fries,500,,25,8,0.5,35,710,53,6,4,16,496
McDonaldâ€™s,"Natural-Cut Fries, Junior",230,,10,2,0,0,15,30,3,0,3,229
McDonaldâ€™s,"Natural-Cut Fries, Large",530,,24,4.5,0,0,520,70,6,0,7,528
McDonaldâ€™s,"Natural-Cut Fries, Medium",420,,19,3.5,0,0,420,56,5,0,6,418
McDonaldâ€™s,"Natural-Cut Fries, Small",320,,15,2.5,0,0,320,43,4,0,5,318
McDonaldâ€™s,Plain Baked Potato,270,,0,0,0,0,25,61,7,3,7,266
McDonaldâ€™s,Sour Cream and Chive Baked Potato,310,,2.5,2.5,0,10,35,63,7,4,8,309
McDonaldâ€™s,Summer Berry Burst Fruit Cup,20,,0,0,0,0,0,5,1,3,0,23
Café Coffee Day,1% Chocolate Milk,150,,2.5,1.5,0,10,170,26,0,23,7,168
Café Coffee Day,1% White Milk,90,,2,1.5,0,10,105,10,0,10,7,95
Café Coffee Day,"All-Natural Lemonade, Large",380,,0,0,0,0,0,100,0,93,0,473
Café Coffee Day,"All-Natural Lemonade, Medium",330,,0,0,0,0,0,86,0,81,0,411
Café Coffee Day,"All-Natural Lemonade, Small",190,,0,0,0,0,0,50,0,47,0,237
Café Coffee Day,"Apple Kiwi Fruit Tea, Large",330,,0,0,0,0,60,83,0,80,0,410
Café Coffee Day,"Apple Kiwi Fruit Tea, Medium",300,,0,0,0,0,50,76,0,73,0,373
Café Coffee Day,"Apple Kiwi Fruit Tea, Small",170,,0,0,0,0,30,44,0,42,0,212
Café Coffee Day,"Barqâ€™s Root Beer, Large",450,,0,0,0,0,180,122,0,122,0,572
Café Coffee Day,"Barqâ€™s Root Beer, Medium",360,,0,0,0,0,150,98,0,98,0,458
Café Coffee Day,"Barqâ€™s Root Beer, Small",220,,0,0,0,0,90,61,0,61,0,281
Café Coffee Day,"Brewed Unsweetened Iced Tea, Large",5,,0,0,0,0,25,2,0,0,0,5
Café Coffee Day,"Brewed Unsweetened Iced Tea, Medium",0,,0,0,0,0,15,1,0,0,0,0
Café Coffee Day,"Brewed Unsweetened Iced Tea, Small",0,,0,0,0,0,10,1,0,0,0,0
Café Coffee Day,"Caramel Iced Coffee, Medium",240,,8,5,0,25,45,40,0,36,3,278
Café Coffee Day,"Caramel Iced Coffee, Small",160,,6,3.5,0,20,30,26,0,24,2,186
Café Coffee Day,"Coca-Cola, Large",400,,0,0,0,0,90,109,0,109,0,509
Café Coffee Day,"Coca-Cola, Medium",320,,0,0,0,0,70,87,0,87,0,407
Café Coffee Day,"Coca-Cola, Small",200,,0,0,0,0,45,54,0,54,0,254
Café Coffee Day,"Coca-Cola Zero Sugar, Large",0,,0,0,0,0,100,1,0,0,0,0
Café Coffee Day,"Coca-Cola Zero Sugar, Medium",0,,0,0,0,0,80,1,0,0,0,0
Café Coffee Day,"Coca-Cola Zero Sugar, Small",0,,0,0,0,0,50,0,0,0,0,0
Café Coffee Day,"Diet Coke, Large",0,,0,0,0,0,125,1,0,0,0,0
Café Coffee Day,"Diet Coke, Medium",0,,0,0,0,0,100,1,0,0,0,0
Café Coffee Day,"Diet Coke, Small",0,,0,0,0,0,45,0,0,0,0,0
Café Coffee Day,"Dr Pepper, Large",240,,0,0,0,0,70,66,0,64,0,304
Café Coffee Day,"Dr Pepper, Medium",190,,0,0,0,0,55,53,0,51,0,241
Café Coffee Day,"Dr Pepper, Small",120,,0,0,0,0,35,33,0,32,0,152
Café Coffee Day,"Fanta Orange, Large",430,,0,0,0,0,110,117,0,115,0,545
Café Coffee Day,"Fanta Orange, Medium",340,,0,0,0,0,85,94,0,92,0,432
Café Coffee Day,"Fanta Orange, Small",210,,0,0,0,0,55,59,0,58,0,268
Café Coffee Day,"Hi-C Flashinâ€™ Fruit Punch, Large",420,,0,0,0,0,140,115,0,113,0,533
Café Coffee Day,"Hi-C Flashinâ€™ Fruit Punch, Medium",340,,0,0,0,0,115,92,0,90,0,430
Café Coffee Day,"Hi-C Flashinâ€™ Fruit Punch, Small",210,,0,0,0,0,70,58,0,56,0,266
Café Coffee Day,"Honest Tropical Green Tea, Large",110,,0,0,0,0,55,29,0,29,0,139
Café Coffee Day,"Honest Tropical Green Tea, Medium",90,,0,0,0,0,40,22,0,22,0,112
Café Coffee Day,"Honest Tropical Green Tea, Small",60,,0,0,0,0,25,14,0,14,0,74
Café Coffee Day,Hot Tea,0,,0,0,0,0,0,1,0,0,0,0
Café Coffee Day,"Limeade, Large",460,,0,0,0,0,55,117,0,111,0,571
Café Coffee Day,"Limeade, Medium",380,,0,0,0,0,45,98,0,93,0,473
Café Coffee Day,"Limeade, Small",230,,0,0,0,0,30,59,0,56,0,286
Café Coffee Day,"Minute Maid Light Lemonade, Large",15,,0,0,0,0,10,2,0,0,0,15
Café Coffee Day,"Minute Maid Light Lemonade, Medium",10,,0,0,0,0,10,1,0,0,0,10
Café Coffee Day,"Minute Maid Light Lemonade, Small",5,,0,0,0,0,5,1,0,0,0,5
Café Coffee Day,"Mocha Iced Coffee, Medium",210,,8,5,0,25,40,32,0,28,3,240
Café Coffee Day,"Mocha Iced Coffee, Small",170,,6,3.5,0,20,30,28,0,25,2,197
Café Coffee Day,"Pear Berry Fruit Tea, Large",320,,0,0,0,0,60,82,0,76,0,396
Café Coffee Day,"Pear Berry Fruit Tea, Medium",300,,0,0,0,0,50,76,0,70,0,370
Café Coffee Day,"Pear Berry Fruit Tea, Small",170,,0,0,0,0,30,44,0,40,0,210
Café Coffee Day,"Skinny Vanilla Iced Coffee, Medium",100,,8,5,0,25,45,14,0,0,3,102
Café Coffee Day,"Skinny Vanilla Iced Coffee, Small",70,,5,3.5,0,15,30,6,0,0,2,72
Café Coffee Day,"Small Sprite, Small",200,,0,0,0,0,90,53,0,53,0,253
Café Coffee Day,"Sprite, Large",390,,0,0,0,0,180,105,0,105,0,495
Café Coffee Day,"Sprite, Medium",310,,0,0,0,0,140,84,0,84,0,394
Café Coffee Day,"Strawberry Lemonade, Large",480,,0,0,0,0,55,121,0,114,0,594
Café Coffee Day,"Strawberry Lemonade, Medium",380,,0,0,0,0,45,98,0,92,0,472
Café Coffee Day,"Strawberry Lemonade, Small",230,,0,0,0,0,30,58,0,54,0,284
Café Coffee Day,"Strawberry Sweet Tea, Large",270,,0,0,0,0,15,69,0,67,0,337
Café Coffee Day,"Strawberry Sweet Tea, Medium",240,,0,0,0,0,15,60,0,59,0,299
Café Coffee Day,"Strawberry Sweet Tea, Small",140,,0,0,0,0,10,36,0,35,0,175
Café Coffee Day,"Strawberry Tea, Large",90,,0,0,0,0,20,22,0,20,0,110
Café Coffee Day,"Strawberry Tea, Medium",60,,0,0,0,0,15,16,0,14,0,74
Café Coffee Day,"Strawberry Tea, Small",45,,0,0,0,0,10,11,0,10,0,55
Café Coffee Day,"Sweetened Iced Tea, Large",300,,0,0,0,0,25,77,0,75,0,375
Café Coffee Day,"Sweetened Iced Tea, Medium",220,,0,0,0,0,20,58,0,56,0,276
Café Coffee Day,"Sweetened Iced Tea, Small",160,,0,0,0,0,10,41,0,40,0,200
Café Coffee Day,"Vanilla Iced Coffee, Medium",250,,8,5,0,25,40,42,0,39,3,291
Café Coffee Day,"Vanilla Iced Coffee, Small",170,,6,3.5,0,20,30,28,0,26,2,198
Café Coffee Day,"Classic Chocolate Frosty, Junior",200,,5,3,0,20,90,33,0,27,6,224
Café Coffee Day,"Classic Chocolate Frosty, Large",590,,15,10,0.5,60,260,99,0,81,17,664
Café Coffee Day,"Classic Chocolate Frosty, Medium",470,,12,8,0.5,50,210,79,0,65,13,530
Café Coffee Day,"Classic Chocolate Frosty, Small",350,,9,6,0,35,150,58,0,47,10,393
Café Coffee Day,"Vanilla Frosty, Junior",190,,5,3.5,0,25,90,32,0,27,5,216
Café Coffee Day,"Vanilla Frosty, Large",570,,15,10,0.5,70,260,94,0,78,15,643
Café Coffee Day,"Vanilla Frosty, Medium",450,,12,8,0.5,55,210,75,0,63,12,509
Café Coffee Day,"Vanilla Frosty, Small",340,,9,6,0,45,160,56,0,47,9,384
Café Coffee Day,Chocolate Chunk Cookie,310,,16,8,0,20,210,40,2,24,3,339
Café Coffee Day,Double Chocolate Chunk Cookie,290,,14,7,0,20,230,39,4,21,4,314
Café Coffee Day,Sugar Cookie,330,,16,8,0,25,300,43,1,24,3,359
Café Coffee Day,Kids 2 Piece Chicken Tenders,200,,10,1.5,0,45,620,13,0,0,15,187
Café Coffee Day,Kids 4 Piece Chicken Nuggets,170,,11,2,0,35,340,10,0,0,9,163
Café Coffee Day,Kids Cheeseburger,280,,13,6,0.5,50,540,25,1,5,15,276
Café Coffee Day,Kids Grilled Chicken Wrap,270,,10,3.5,0,55,640,24,2,3,20,257
Café Coffee Day,Kids Hamburger,240,,9,3.5,0.5,40,350,24,1,5,13,236
Café Coffee Day,Artisan Egg Sandwich with Bacon,320,,17,8,0,245,750,25,1,4,18,314
McDonaldâ€™s,Artisan Egg Sandwich with Sausage,480,,33,13,0,275,980,27,1,4,21,476
McDonaldâ€™s,Bacon Breakfast Bowl,510,,28,9,0,245,1390,44,4,2,19,502
McDonaldâ€™s,Biggie Breakfast Sandwich,610,,40,15,0,290,1400,37,2,7,27,605
McDonaldâ€™s,Fresh-Baked Biscuit with Applewood Smoked Bacon,410,,24,13,0,235,970,34,1,5,15,413
McDonaldâ€™s,Fresh Baked Biscuit with Natural Sausage,590,,41,19,0,270,1270,36,1,6,20,595
McDonaldâ€™s,Gravy and Sausage Bowl,450,,22,6,0,220,1260,50,4,2,12,446
McDonaldâ€™s,Honey Butter Chicken Biscuit,500,,26,12,0,50,1120,48,1,9,19,502
McDonaldâ€™s,Sausage and Egg Burrito,360,,20,8,0,210,920,29,1,2,17,353
McDonaldâ€™s,Sausage and Gravy Biscuit,490,,29,14,0,20,1400,49,2,6,8,502
McDonaldâ€™s,Sausage Biscuit,480,,33,15,0,50,1010,35,1,5,12,488
McDonaldâ€™s,Sausage Breakfast Bowl,640,,42,14,0,270,1540,46,4,3,21,636
McDonaldâ€™s,"Seasoned Home-Style Potatoes, Large",360,,13,2.5,0,0,1080,57,6,1,5,359
McDonaldâ€™s,"Seasoned Home-Style Potatoes, Medium",250,,9,1.5,0,0,750,39,4,1,4,249
McDonaldâ€™s,"Seasoned Home-Style Potatoes, Small",230,,8,1.5,0,0,680,35,4,0,3,229
McDonaldâ€™s,Two Sausage and Egg Burritos,720,,41,16,0,420,1830,59,2,5,34,707
McDonaldâ€™s,Two Sausage Biscuits,960,,65,31,0,95,2020,70,3,10,23,978
KFC,Limited Time Cinnabon Dessert  Biscuits,290,,13,7,0,<5,580,40,2,17,4,310
KFC,Limited Time ORIGINAL RECIPE CHICKEN Chicken Breast,390,,21,4,0,120,1190,11,2,0,39,355
KFC,Limited Time ORIGINAL RECIPE CHICKEN Chicken Limited Time Drumstick,130,,8,1.5,0,55,430,4,1,0,12,119.5
KFC,Limited Time ORIGINAL RECIPE CHICKEN Chicken Thigh,280,,19,4.5,0,100,910,8,1,0,19,265.5
KFC,Limited Time ORIGINAL RECIPE CHICKEN Chicken Whole Wing,130,,8,2,0,55,380,3,0,0,10,122
KFC,Chicken Breast,770,,60,10,0,105,1530,21,1,1,35,746
KFC,Chicken Drumstick,250,,21,3.5,0,50,530,6,1,0,11,242.5
KFC,Chicken Thigh,500,,40,7,0,100,970,11,1,1,22,486
KFC,Chicken Whole Wing,290,,25,4,0,45,520,6,1,1,10,285
KFC,Breast,260,,12,3,0,130,790,1,0,0,38,225
KFC,Drumstick,100,,6,1.5,0,55,260,0,0,0,11,90.5
KFC,Thigh,180,,12,3.5,0,90,470,0,0,0,17,166.5
KFC,Whole Wing,90,,6,1.5,0,45,210,1,0,0,9,82.5
KFC,Breast,540,,40,7,0,100,1390,14,2,1,31,517
KFC,Drumstick,190,,14,2.5,0,40,510,6,1,0,9,183.5
KFC,Thigh,390,,32,6,0,65,900,12,2,1,13,384
KFC,Whole Wing,180,,15,2.5,0,35,450,5,1,0,8,174.5
KFC,EXTRA CRISPY  Chicken Breast,530,,35,6,0,105,1150,18,0,0,35,501
KFC,EXTRA CRISPY  Chicken Drumstick,170,,12,2,0,50,390,5,0,0,10,162
KFC,EXTRA CRISPY  Chicken Thigh,330,,23,4.5,0,100,700,9,0,0,22,312.5
KFC,EXTRA CRISPY  Chicken Whole Wing,170,,13,2,0,45,340,5,0,0,10,162
KFC,KENTUCKY GRILLED CHICKEN Breast,210,,7,2,0,130,710,0,0,0,38,174
KFC,KENTUCKY GRILLED CHICKEN Drumstick,80,,4,1,0,55,220,0,0,0,11,70
KFC,KENTUCKY GRILLED CHICKEN Thigh,150,,9,3,0,90,420,0,0,0,17,136
KFC,KENTUCKY GRILLED CHICKEN Whole Wing,70,,3,1,0,45,180,0,0,0,9,62
KFC,SPICY CRISPY CHICKEN Breast,350,,20,3.5,0,100,1100,11,1,0,30,323.5
KFC,SPICY CRISPY CHICKEN Drumstick,130,,8,1.5,0,40,420,5,1,0,9,122.5
KFC,SPICY CRISPY CHICKEN Thigh,270,,20,3.5,0,65,720,10,1,0,13,260.5
KFC,SPICY CRISPY CHICKEN Whole Wing,120,,8,1.5,0,35,350,5,0,0,7,114.5
KFC,EXTRA CRISPY  Tender (each),260,,14,2,0,50,610,15,<1,0,19,243
KFC,EXTRA CRISPY  Tender (each),220,,16,2.5,0,25,460,9,<1,0,10,212.5
KFC,KENTUCKY FRIED WINGS Buffalo,100,,7,1.5,0,20,310,3,0,0,5,96.5
KFC,KENTUCKY FRIED WINGS Honey BBQ,100,,6,1,0,20,210,8,0,4,5,100
KFC,KENTUCKY FRIED WINGS Nashville Hot,130,,11,2,0,20,230,4,0,0,5,127
KFC,KENTUCKY FRIED WINGS Unsauced,80,,6,1,0,20,150,3,0,0,5,76
KFC,POPCORN NUGGETS Kids,290,,19,2.5,0,30,870,19,1,0,13,279.5
KFC,POPCORN NUGGETS Large,620,,39,5,0,65,1820,39,2,0,27,598
KFC,BBQ Baked Beans,190,,1,0,0,0,650,34,7,15,11,194
KFC,Biscuit,180,,8,4.5,0,0,520,22,1,1,4,181.5
KFC,Coleslaw,170,,12,2,0,<5,180,14,4,10,1,181
KFC,Corn on the Cob,70,,0.5,0,0,0,0,17,2,3,2,71
KFC,Green Beans,25,,0,0,0,0,300,5,3,1,1,25
KFC,KFCÂ® Cornbread Muffin,210,,9,1.5,0,35,240,28,<1,11,3,219.5
KFC,Macaroni & Cheese,140,,6,1.5,0,<5,590,17,1,2,5,138.5
KFC,Macaroni Salad,140,,8,1,0,15,290,14,0,9,1,149
KFC,Mashed Potatoes,110,,3.5,0.5,0,0,330,17,1,0,2,108.5
KFC,Mashed Potatoes With Gravy,130,,4.5,1,0,0,520,20,1,0,3,128
KFC,Potato Salad,340,,28,4.5,0,25,290,19,2,3,2,345.5
KFC,Secret Recipe Fries,320,,15,2,0,0,1100,41,3,0,5,317
KFC,Sweet Kernel Corn,70,,0.5,0,0,0,0,16,2,2,2,70
KFC,BBQ Baked Beans (Family),830,,5,1,0,0,2810,148,31,63,47,847
KFC,Coleslaw (Family),640,,46,7,0,15,670,54,14,37,4,680
KFC,Corn on the Cob (Family),280,,2,0,0,0,15,67,8,11,9,282
KFC,Green Beans (Family),80,,0,0,0,0,930,15,9,3,4,79
KFC,Macaroni & Cheese (Family),540,,23,6,0,10,2220,66,5,8,18,536
KFC,Macaroni Salad (Family),480,,28,3.5,0,55,990,50,0,30,3,510.5
KFC,Mashed Potatoes (Family),460,,15,3,0,0,1410,72,6,0,9,454
KFC,Mashed Potatoes With Gravy (Family),590,,21,5,0,0,2590,88,6,1,12,584
KFC,Potato Salad (Family),1200,,98,16,0,80,1010,65,8,12,8,1220
KFC,Secret Recipe Fries (Family),840,,40,5,0,0,2890,108,9,0,13,832
KFC,Sweet Kernel Corn (Family),280,,2.5,0,0,0,10,67,7,8,10,278
KFC,Chicken Littles,300,,15,2.5,0,30,620,27,1,3,14,291.5
KFC,Chicken Littles â€“ Buffalo,310,,17,2.5,0,30,790,27,1,3,14,301.5
KFC,Chicken Littles â€“ Honey BBQ,320,,15,2.5,0,30,680,31,1,7,14,315.5
KFC,Chicken Littles â€“ Nashville Hot,340,,19,3,0,30,680,27,1,3,14,332
KFC,Classic Chicken Sandwich,650,,35,4.5,0,90,1260,49,1,6,34,626.5
KFC,Crispy Colonelâ€™s Sandwich,470,,24,3.5,0,60,1170,39,<1,4,24,453.5
KFC,Crispy Colonelâ€™s Sandwich â€“ Buffalo,500,,27,4,0,60,1500,39,<1,4,24,484
KFC,Crispy Colonelâ€™s Sandwich â€“ Honey BBQ,510,,25,3.5,0,60,1290,48,<1,12,24,501.5
KFC,Crispy Colonelâ€™s Sandwich â€“ Nashville Hot,540,,32,4.5,0,60,1290,40,<1,5,24,525.5
KFC,Crispy TwisterÂ®,630,,34,7,0,70,1260,53,4,3,28,612
KFC,Honey BBQ Sandwich,350,,3.5,0.5,0,55,1350,55,2,22,24,348.5
KFC,Spicy Chicken Sandwich,620,,33,4,0,85,2140,49,1,6,34,596
KFC,Chicken Pot Pie,720,,41,25,0,80,1750,60,7,5,26,724
KFC,KFCÂ® Famous Bowl,740,,35,6,0,45,2350,81,6,2,26,722
KFC,KFCÂ® Famous Bowl â€“ Snack Size,270,,14,3.5,0,20,850,27,2,1,11,263.5
KFC,Caesar Side Salad,40,,2,1,0,5,90,2,1,1,3,39
KFC,House Side Salad,15,,0,0,0,0,10,3,2,2,1,16
KFC,Heinz Buttermilk Dressing,160,,17,2,0,10,220,1,0,1,0,163
KFC,Hidden Valley The Original Ranch Fat Free Dressing,35,,0,0,0,0,410,8,0,2,1,36
KFC,KFCÂ® Creamy Parmesan Caesar Dressing,260,,26,5,0,15,540,4,0,2,2,265
KFC,Marzetti Light Italian Dressing,15,,0.5,0,0,0,510,2,0,1,0,16
KFC,Parmesan Garlic Croutons,60,,3,0,0,0,135,8,<1,0,2,58
KFC,Apple Turnover,230,,10,2.5,0,0,140,32,<1,12,2,242.5
KFC,CafÃ© Valley Chocolate Chip Cake (1 Slice),300,,15,3,0,50,260,39,1,27,4,326
KFC,CafÃ© Valley Lemon Cake (1 Slice),220,,10,2,0,30,170,30,0,20,2,240
KFC,CafÃ© Valley Mini Chocolate Chip Cake,300,,12,2.5,0,40,190,49,1,35,3,334.5
KFC,CafÃ© Valley Mini Lemon Cake,300,,13,2.5,0,50,230,43,0,31,3,330.5
KFC,Chocolate Chip Cookie,120,,6,3,0,<5,70,18,1,12,1,134
KFC,Oreo Cookies and CrÃ¨me Pie,270,,13,8,0,<5,210,35,1,24,3,299
KFC,Reeseâ€™s Peanut Butter Pie,300,,17,9,0,<5,270,33,1,22,5,326
KFC,BBQ â€“ Dipping Sauce Cup,45,,0,0,0,0,150,11,0,11,0,56
KFC,Colonelâ€™s Buttery Spread,35,,4,1.5,0,0,35,0,0,0,0,36.5
KFC,Grape Jelly Packet,35,,0,0,0,0,10,9,0,7,0,42
KFC,Honey Mustard â€“ Dipping Sauce Cup,110,,9,1.5,0,<5,120,6,0,6,0,117.5
KFC,Honey Sauce Packet,30,,0,0,0,0,0,8,0,5,0,35
KFC,Ketchup,30,,0,0,0,0,250,8,0,6,0,36
KFC,KFC Sauce â€“ Dipping Sauce Cup,90,,8,1.5,0,10,170,5,0,5,0,96.5
KFC,Lemon Juice Packet,5,,0,0,0,0,20,1,0,0,0,5
KFC,Ranch â€“ Dipping Sauce Cup,130,,14,2.5,0,10,240,2,0,1,0,133.5
KFC,Strawberry Jam Packet,35,,0,0,0,0,0,9,0,6,0,41
KFC,Capri SunÂ® 100% Juice Fruit Punch,80,,0,0,0,0,25,21,0,20,0,100
KFC,Chocolate Milk 1%,150,,2.5,1.5,0,10,170,26,0,23,7,167.5
KFC,Milk 1%,90,,2,1.5,0,10,105,10,0,10,7,94.5
KFC,Musselmanâ€™sâ„¢ Applesauce,45,,0,0,0,0,0,12,1,8,0,53
KFC,7UPÂ® (12 fl oz),140,,0,0,0,0,50,35,0,35,0,175
KFC,7UPÂ® (16 fl oz),190,,0,0,0,0,70,46,0,46,0,236
KFC,7UPÂ® (20 fl oz),240,,0,0,0,0,85,58,0,58,0,298
KFC,7UPÂ® (30 fl oz),350,,0,0,0,0,125,87,0,87,0,437
KFC,Classic Lemonade (1/2 Gallon),880,,0,0,0,0,780,234,0,228,0,1108
KFC,Classic Lemonade (20 fl oz),140,,0,0,0,0,130,39,0,38,0,178
KFC,Code Red Mountain DewÂ® (12 fl oz),170,,0,0,0,0,50,46,0,46,0,216
KFC,Code Red Mountain DewÂ® (16 fl oz),230,,0,0,0,0,65,62,0,62,0,292
KFC,Code Red Mountain DewÂ® (20 fl oz),290,,0,0,0,0,85,77,0,77,0,367
KFC,Code Red Mountain DewÂ® (30 fl oz),430,,0,0,0,0,125,116,0,115,0,545
KFC,Diet Dr PepperÂ® (12 fl oz),0,,0,0,0,0,70,0,0,0,0,0
KFC,Diet Dr PepperÂ® (16 fl oz),0,,0,0,0,0,95,0,0,0,0,0
KFC,Diet Dr PepperÂ® (20 fl oz),0,,0,0,0,0,120,0,0,0,0,0
KFC,Diet Dr PepperÂ® (30 fl oz),0,,0,0,0,0,180,0,0,0,0,0
KFC,Diet Mist TwstÂ® (12 fl oz),0,,0,0,0,0,35,0,0,0,0,0
KFC,Diet Mist TwstÂ® (16 fl oz),0,,0,0,0,0,50,0,0,0,0,0
KFC,Diet Mist TwstÂ® (20 fl oz),0,,0,0,0,0,60,0,0,0,0,0
KFC,Diet Mist TwstÂ® (30 fl oz),5,,0,0,0,0,95,0,0,0,0,5
KFC,Diet Mountain DewÂ® (12 fl oz),0,,0,0,0,0,55,1,0,0,0,0
KFC,Diet Mountain DewÂ® (16 fl oz),5,,0,0,0,0,75,1,0,0,0,5
KFC,Diet Mountain DewÂ® (20 fl oz),10,,0,0,0,0,90,1,0,1,0,11
KFC,Diet Mountain DewÂ® (30 fl oz),10,,0,0,0,0,140,1,0,1,0,11
KFC,Diet PepsiÂ® (12 fl oz),0,,0,0,0,0,55,0,0,0,0,0
KFC,Diet PepsiÂ® (16 fl oz),0,,0,0,0,0,75,0,0,0,0,0
KFC,Diet PepsiÂ® (20 fl oz),0,,0,0,0,0,95,0,0,0,0,0
KFC,Diet PepsiÂ® (30 fl oz),0,,0,0,0,0,140,0,0,0,0,0
KFC,Diet PepsiÂ® Wild Cherry PepsiÂ® (12 fl oz),0,,0,0,0,0,35,0,0,0,0,0
KFC,Diet PepsiÂ® Wild Cherry PepsiÂ® (16 fl oz),0,,0,0,0,0,50,0,0,0,0,0
KFC,Diet PepsiÂ® Wild Cherry PepsiÂ® (20 fl oz),0,,0,0,0,0,60,0,0,0,0,0
KFC,Diet PepsiÂ® Wild Cherry PepsiÂ® (30 fl oz),0,,0,0,0,0,95,0,0,0,0,0
KFC,Dr PepperÂ® (12 fl oz),140,,0,0,0,0,45,39,0,38,0,178
KFC,Dr PepperÂ® (16 fl oz),190,,0,0,0,0,60,52,0,51,0,241
KFC,Dr PepperÂ® (20 fl oz),240,,0,0,0,0,75,65,0,64,0,304
KFC,Dr PepperÂ® (30 fl oz),360,,0,0,0,0,110,98,0,96,0,456
KFC,LiptonÂ® BriskÂ® Lemon Tea (12 fl oz),80,,0,0,0,0,40,22,0,22,0,102
KFC,LiptonÂ® BriskÂ® Lemon Tea (16 fl oz),110,,0,0,0,0,55,29,0,29,0,139
KFC,LiptonÂ® BriskÂ® Lemon Tea (20 fl oz),140,,0,0,0,0,70,36,0,36,0,176
KFC,LiptonÂ® BriskÂ® Lemon Tea (30 fl oz),210,,0,0,0,0,105,55,0,54,0,264
KFC,LiptonÂ® BriskÂ® No Calorie Peach Iced Green Tea (12 fl oz),0,,0,0,0,0,105,0,0,0,0,0
KFC,LiptonÂ® BriskÂ® No Calorie Peach Iced Green Tea (16 fl oz),0,,0,0,0,0,140,0,0,0,0,0
KFC,LiptonÂ® BriskÂ® No Calorie Peach Iced Green Tea (20 fl oz),5,,0,0,0,0,180,0,0,0,0,5
KFC,LiptonÂ® BriskÂ® No Calorie Peach Iced Green Tea (30 fl oz),10,,0,0,0,0,270,0,0,0,0,10
KFC,LiptonÂ® BriskÂ® Raspberry Tea (12 fl oz),80,,0,0,0,0,45,20,0,20,0,100
KFC,LiptonÂ® BriskÂ® Raspberry Tea (16 fl oz),100,,0,0,0,0,55,26,0,26,0,126
KFC,LiptonÂ® BriskÂ® Raspberry Tea (20 fl oz),130,,0,0,0,0,70,33,0,33,0,163
KFC,LiptonÂ® BriskÂ® Raspberry Tea (30 fl oz),190,,0,0,0,0,110,49,0,49,0,239
KFC,LiptonÂ® BriskÂ® Sweet Iced Tea (12 fl oz),80,,0,0,0,0,45,22,0,21,0,101
KFC,LiptonÂ® BriskÂ® Sweet Iced Tea (16 fl oz),110,,0,0,0,0,65,29,0,29,0,139
KFC,LiptonÂ® BriskÂ® Sweet Iced Tea (20 fl oz),130,,0,0,0,0,80,36,0,36,0,166
KFC,LiptonÂ® BriskÂ® Sweet Iced Tea (30 fl oz),200,,0,0,0,0,120,54,0,54,0,254
KFC,LiptonÂ® BriskÂ® Unsweetened No Lemon Iced Tea (12 fl oz),0,,0,0,0,0,45,0,0,0,0,0
KFC,LiptonÂ® BriskÂ® Unsweetened No Lemon Iced Tea (16 fl oz),0,,0,0,0,0,60,0,0,0,0,0
KFC,LiptonÂ® BriskÂ® Unsweetened No Lemon Iced Tea (20 fl oz),0,,0,0,0,0,75,0,0,0,0,0
KFC,LiptonÂ® BriskÂ® Unsweetened No Lemon Iced Tea (30 fl oz),0,,0,0,0,0,115,0,0,0,0,0
KFC,Manzanita SolÂ® (12 fl oz),160,,0,0,0,0,35,42,0,42,0,202
KFC,Manzanita SolÂ® (16 fl oz),210,,0,0,0,0,45,57,0,57,0,267
KFC,Manzanita SolÂ® (20 fl oz),260,,0,0,0,0,55,71,0,71,0,331
KFC,Manzanita SolÂ® (30 fl oz),400,,0,0,0,0,80,106,0,106,0,506
KFC,MirandaÂ® Strawberry (12 fl oz),160,,0,0,0,0,70,44,0,44,0,204
KFC,MirandaÂ® Strawberry (16 fl oz),220,,0,0,0,0,95,58,0,58,0,278
KFC,MirandaÂ® Strawberry (20 fl oz),270,,0,0,0,0,120,73,0,73,0,343
KFC,MirandaÂ® Strawberry (30 fl oz),410,,0,0,0,0,180,109,0,109,0,519
KFC,Mist TwstÂ® (12 fl oz),150,,0,0,0,0,35,41,0,41,0,191
KFC,Mist TwstÂ® (16 fl oz),200,,0,0,0,0,45,54,0,54,0,254
KFC,Mist TwstÂ® (20 fl oz),260,,0,0,0,0,55,68,0,68,0,328
KFC,Mist TwstÂ® (30 fl oz),380,,0,0,0,0,80,101,0,101,0,481
KFC,MNT DEW Sweet Lightning (20 fl oz),120,,0,0,0,0,190,32,0,25,0,145
KFC,Mountain DewÂ® (12 fl oz),160,,0,0,0,0,50,44,0,44,0,204
KFC,Mountain DewÂ® (16 fl oz),220,,0,0,0,0,70,59,0,58,0,278
KFC,Mountain DewÂ® (20 fl oz),270,,0,0,0,0,85,73,0,73,0,343
KFC,Mountain DewÂ® (30 fl oz),410,,0,0,0,0,125,110,0,109,0,519
KFC,Mug Root BeerÂ® (12 fl oz),140,,0,0,0,0,45,39,0,39,0,179
KFC,Mug Root BeerÂ® (16 fl oz),190,,0,0,0,0,60,52,0,52,0,242
KFC,Mug Root BeerÂ® (20 fl oz),240,,0,0,0,0,75,65,0,65,0,305
KFC,Mug Root BeerÂ® (30 fl oz),360,,0,0,0,0,110,98,0,98,0,458
KFC,Pepsi Zero SugarÂ® (12 fl oz),0,,0,0,0,0,35,0,0,0,0,0
KFC,Pepsi Zero SugarÂ® (16 fl oz),0,,0,0,0,0,50,0,0,0,0,0
KFC,Pepsi Zero SugarÂ® (20 fl oz),0,,0,0,0,0,60,0,0,0,0,0
KFC,Pepsi Zero SugarÂ® (30 fl oz),0,,0,0,0,0,95,1,0,0,0,0
KFC,PepsiÂ® (12 fl oz),150,,0,0,0,0,30,41,0,41,0,191
KFC,PepsiÂ® (16 fl oz),200,,0,0,0,0,45,55,0,55,0,255
KFC,PepsiÂ® (20 fl oz),250,,0,0,0,0,55,69,0,69,0,319
KFC,PepsiÂ® (30 fl oz),380,,0,0,0,0,80,104,0,103,0,483
KFC,Sobe Lifewater Yumberry Pomegranate (12 fl oz),0,,0,0,0,0,45,0,0,0,0,0
KFC,Sobe Lifewater Yumberry Pomegranate (16 fl oz),0,,0,0,0,0,65,0,0,0,0,0
KFC,Sobe Lifewater Yumberry Pomegranate (20 fl oz),0,,0,0,0,0,80,0,0,0,0,0
KFC,Sobe Lifewater Yumberry Pomegranate (30 fl oz),5,,0,0,0,0,120,1,0,0,0,5
KFC,Strawberry Lemonade (1/2 Gallon),950,,0,0,0,0,790,270,0,264,0,1214
KFC,Strawberry Lemonade (20 fl oz),170,,0,0,0,0,130,45,0,44,0,214
KFC,TropicanaÂ® Fruit Punch (12 fl oz),170,,0,0,0,0,35,45,0,45,0,215
KFC,TropicanaÂ® Fruit Punch (16 fl oz),230,,0,0,0,0,45,60,0,60,0,290
KFC,TropicanaÂ® Fruit Punch (20 fl oz),280,,0,0,0,0,60,75,0,75,0,355
KFC,TropicanaÂ® Fruit Punch (30 fl oz),420,,0,0,0,0,90,113,0,112,0,532
KFC,TropicanaÂ® Light Lemonade (12 fl oz),5,,0,0,0,0,140,0,0,0,0,5
KFC,TropicanaÂ® Light Lemonade (16 fl oz),10,,0,0,0,0,190,0,0,0,0,10
KFC,TropicanaÂ® Light Lemonade (20 fl oz),10,,0,0,0,0,240,0,0,0,0,10
KFC,TropicanaÂ® Light Lemonade (30 fl oz),15,,0,0,0,0,350,1,0,0,0,15
KFC,TropicanaÂ® Pink Lemonade (12 fl oz),150,,0,0,0,0,160,40,0,40,0,190
KFC,TropicanaÂ® Pink Lemonade (16 fl oz),210,,0,0,0,0,210,53,0,53,0,263
KFC,TropicanaÂ® Pink Lemonade (20 fl oz),260,,0,0,0,0,260,67,0,67,0,327
KFC,TropicanaÂ® Pink Lemonade (30 fl oz),390,,0,0,0,0,390,100,0,100,0,490
KFC,TropicanaÂ® TwisterÂ® Orange (12 fl oz),170,,0,0,0,0,35,46,0,46,0,216
KFC,TropicanaÂ® TwisterÂ® Orange (16 fl oz),230,,0,0,0,0,50,61,0,61,0,291
KFC,TropicanaÂ® TwisterÂ® Orange (20 fl oz),290,,0,0,0,0,60,76,0,76,0,366
KFC,TropicanaÂ® TwisterÂ® Orange (30 fl oz),430,,0,0,0,0,90,115,0,114,0,544
KFC,Wild Cherry PepsiÂ® (12 fl oz),160,,0,0,0,0,30,42,0,42,0,202
KFC,Wild Cherry PepsiÂ® (16 fl oz),210,,0,0,0,0,40,56,0,56,0,266
KFC,Wild Cherry PepsiÂ® (20 fl oz),260,,0,0,0,0,50,70,0,70,0,330
KFC,Wild Cherry PepsiÂ® (30 fl oz),390,,0,0,0,0,80,105,0,105,0,495
KFC,Country Fried Steak without Peppered White Gravy,360,,24,7,1,35,750,22,2,0,13,354
KFC,Country Fried Steak with Peppered White Gravy,390,,26,7,1,35,910,26,2,0,13,384
KFC,KFCÂ® Gizzards,300,,16,2,0,210,770,18,<1,0,20,282
KFC,KFCÂ® Livers,230,,13,2.5,0,285,750,12,0,0,17,215.5
KFC,Bacon Club Chalupa,440,240,27,5,0,50,840,31,2,3,20,
KFC,Blue Raspberry Freezeâ„¢ (16 oz),120,0,0,0,0,0,35,30,0,30,0,
KFC,Blue Raspberry Freezeâ„¢ (20 oz),150,0,0,0,0,0,40,38,0,38,0,
KFC,Loaded Nacho Taco,250,110,12,4.5,0,25,610,24,3,2,10,
KFC,Midnight Berry Freezeâ„¢ (16 oz),140,0,0,0,0,0,35,35,0,34,0,
KFC,Midnight Berry Freezeâ„¢ (20 oz),170,0,0,0,0,0,40,43,0,42,0,
KFC,Nacho Fries,320,160,18,1.5,0,<5,630,35,4,2,4,
KFC,Nacho Fries BellGrandeÂ®,710,360,40,6,0,30,1440,73,10,4,13,
KFC,Black Bean Chalupa â€“ Online Exclusive,330,140,15,3,0,10,430,39,5,3,10,
KFC,Black Bean Quesarito â€“ Online Exclusive,630,270,29,10,0,35,1260,73,7,5,19,
KFC,Quesarito â€“ Online Exclusive,650,300,33,12,0.5,55,1390,67,6,5,22,
KFC,Chalupa SupremeÂ® â€“ Beef,350,170,18,5,0,25,560,33,4,3,13,
KFC,Chalupa SupremeÂ® â€“ Chicken,330,140,15,3.5,0,35,560,31,2,3,16,
KFC,Chalupa SupremeÂ® â€“ Steak,330,140,16,4,0,30,530,32,2,3,15,
KFC,Cheesy Gordita Crunch,500,250,28,10,0.5,55,850,41,5,4,20,
KFC,Crunchy Taco,170,80,9,3.5,0,25,310,13,3,<1,8,
KFC,Crunchy Taco SupremeÂ®,190,100,11,4.5,0,25,340,15,3,2,8,
KFC,Loaded Nacho Taco (New),250,110,12,4.5,0,25,610,24,3,2,10,
KFC,Nacho Cheese DoritosÂ® Locos Taco,170,80,9,3.5,0,25,360,13,3,<1,8,
KFC,Nacho Cheese DoritosÂ® Locos Taco SupremeÂ®,190,100,11,4.5,0,30,380,15,3,2,8,
KFC,Soft Taco â€“ Beef,180,80,9,4,0,25,500,17,3,1,9,
KFC,Soft Taco â€“ Chicken,160,50,5,2.5,0,30,500,16,1,1,12,
KFC,Soft Taco SupremeÂ®,Â ,Â ,Â ,Â ,Â ,Â ,Â ,Â ,Â ,Â ,Â ,
KFC,Soft Taco â€“ Beef,210,90,10,5,0,25,520,20,3,2,10,
KFC,Soft Taco â€“ Chicken,180,60,7,3.5,0,35,520,18,2,2,13,
KFC,Bean Burrito (V),350,80,9,3.5,0,5,1000,54,11,3,13,
KFC,Beefy 5-Layer Burrito,490,160,18,7,0,30,1250,63,9,5,18,
KFC,Burrito SupremeÂ® â€“ Beef,390,130,14,6,0,25,1110,51,9,4,16,
KFC,Burrito SupremeÂ® â€“ Chicken,370,100,11,4.5,0,35,1110,49,8,4,19,
KFC,Burrito SupremeÂ® â€“ Steak,370,110,12,5,0,30,1090,49,7,4,18,
KFC,Chili Cheese Burrito (regional),370,150,17,8,0,35,970,40,4,2,16,
KFC,Quesarito â€“ Beef,650,300,33,12,0.5,55,1390,67,6,5,22,
KFC,Quesarito â€“ Chicken,620,270,29,11,0,65,1390,66,4,4,25,
KFC,Quesarito â€“ Steak,630,270,30,11,0,60,1370,66,4,4,24,
KFC,Chips and Nacho Cheese Sauce (V),220,120,13,1.5,0,<5,250,24,2,2,2,
KFC,Nacho Fries (V) (New),320,160,18,1.5,0,<5,630,35,4,2,4,
KFC,Nacho Fries BellGrandeÂ® (New),710,360,40,6,0,30,1440,73,10,4,13,
KFC,Nachos BellGrandeÂ® â€“ Beef,740,340,38,7,0,25,1050,82,15,5,16,
KFC,Nachos BellGrandeÂ® â€“ Chicken,720,310,35,6,0,35,1050,81,14,5,20,
KFC,Nachos BellGrandeÂ® â€“ Steak,720,320,36,6,0,30,1030,81,14,5,19,
KFC,Beef Quesarito,650,300,33,12,0.5,55,1390,67,6,5,22,
KFC,Black Bean Quesarito (V),630,270,29,10,0,35,1260,73,7,5,19,
KFC,Quesadilla â€“ Cheese (V),470,230,25,12,0.5,50,990,37,4,2,19,
KFC,Quesadilla â€“ Chicken,510,240,26,12,0.5,75,1250,38,4,2,27,
KFC,Quesadilla â€“ Steak,520,240,27,12,0.5,70,1230,38,4,2,27,
KFC,Bacon Club Chalupa â€“ Specialties,440,240,27,5,0,50,840,31,2,3,20,
KFC,Black Bean Chalupa â€“ Specialties,330,140,15,3,0,10,430,39,5,3,10,
KFC,Black Bean Crunchwrap Supreme â€“ Specialties,510,160,17,4.5,0,5,1080,77,8,6,13,
KFC,Black Bean Quesarito â€“ Specialties,630,270,29,10,0,35,1260,73,7,5,19,
KFC,Chalupa SupremeÂ® â€“ Specialties,350,170,18,5,0,25,560,33,4,3,13,
KFC,Cheesy Gordita Crunch â€“ Specialties,500,250,28,10,0.5,55,850,41,5,4,20,
KFC,Cheesy Roll Up â€“ Specialties,180,80,9,5,0,20,430,15,2,<1,9,
KFC,Crunchwrap SupremeÂ® â€“ Specialties,530,190,21,6,0,25,1200,71,6,6,16,
KFC,Crunchy Taco â€“ Specialties,170,80,9,3.5,0,25,310,13,3,<1,8,
KFC,Nacho Cheese DoritosÂ® Locos Taco â€“ Specialties,170,80,9,3.5,0,25,360,13,3,<1,8,
KFC,Nachos BellGrandeÂ® â€“ Specialties,740,340,38,7,0,25,1050,82,15,5,16,
KFC,Power Menu Bowl â€“ Specialties,470,170,19,6,0,70,1200,50,7,2,26,
KFC,Quesadilla â€“ Specialties,510,240,26,12,0.5,75,1250,38,4,2,27,
KFC,Quesarito â€“ Specialties,650,300,33,12,0.5,55,1390,67,6,5,22,
KFC,Soft Taco â€“ Specialties,180,80,9,4,0,25,500,17,3,1,9,
KFC,Soft Taco Supreme â€“ Specialties,210,90,10,5,0,25,520,20,3,2,10,
KFC,Veggie Power Menu Bowl â€“ Specialties,430,160,17,5,0,20,810,57,10,2,12,
KFC,Black Beans & Rice (V),170,30,3.5,0,0,0,320,31,4,0,4,
KFC,Black Beans (V),50,10,1,0,0,0,135,8,3,0,2,
KFC,CinnabonÂ® Delightsâ„¢ (2 Pk) (V),160,80,9,2,0,5,80,17,0,10,2,
KFC,CinnabonÂ® Delightsâ„¢ (12 Pk â€“ Serves 4) (V),930,480,53,13,2,40,480,104,3,59,9,
KFC,Cinnamon Twists (V),170,50,6,0,0,0,210,27,<1,13,1,
KFC,Diablo Sauce Packet (V),0,0,0,0,0,0,30,0,0,0,0,
KFC,Fire Sauce Packet (V),0,0,0,0,0,0,55,0,0,0,0,
KFC,Hot Sauce Packet (V),0,0,0,0,0,0,45,0,0,0,0,
KFC,Mild Sauce Packet (V),0,0,0,0,0,0,30,0,0,0,0,
KFC,Blue Raspberry Freezeâ„¢ (16 oz) (New),120,0,0,0,0,0,35,30,0,30,0,
KFC,Blue Raspberry Freezeâ„¢ (20 oz) (New),150,0,0,0,0,0,40,38,0,38,0,
KFC,Dragon Fruit Freeze (16 oz),190,0,0,0,0,0,50,49,0,47,0,
KFC,Dragon Fruit Freeze (20 oz),230,0,0,0,0,0,60,59,0,57,0,
McDonaldâ€™s,Lowfat Milk â€“ CA (Regional),100,20,2,1.5,0,10,130,13,0,12,9,
McDonaldâ€™s,Lowfat Milk â€“ Federal (Regional),80,20,2,1.5,0,10,100,10,0,9,7,
McDonaldâ€™s,Midnight Berry Freezeâ„¢ (16 oz) (New),140,0,0,0,0,0,35,35,0,34,0,
McDonaldâ€™s,Midnight Berry Freezeâ„¢ (20 oz) (New),170,0,0,0,0,0,40,43,0,42,0,
McDonaldâ€™s,Mtn DewÂ® Baja Blast Freezeâ„¢ (16 oz),150,0,0,0,0,0,45,41,0,41,0,
McDonaldâ€™s,Mtn DewÂ® Baja Blast Freezeâ„¢ (20 oz),190,0,0,0,0,0,55,51,0,51,0,
McDonaldâ€™s,Orange Juice,140,0,0,0,0,0,20,33,<1,28,2,
McDonaldâ€™s,Premium Hot Coffee,10,0,0,0,0,0,0,0,0,0,2,
McDonaldâ€™s,Regular Iced Coffee,10,0,0,0,0,0,0,0,0,0,2,
McDonaldâ€™s,Water,0,0,0,0,0,0,0,0,0,0,0,
McDonaldâ€™s,Wild Strawberry Freezeâ„¢ (16 oz),150,0,0,0,0,0,40,41,0,41,0,
McDonaldâ€™s,Wild Strawberry Freezeâ„¢ (20 oz),190,0,0,0,0,0,55,51,0,51,0,
McDonaldâ€™s,Beef Burrito â€“ Value Menu,430,170,19,5,0,20,970,51,4,3,12,
McDonaldâ€™s,Cheesy Bean & Rice Burrito â€“ Value Menu,420,140,16,4,0,<5,880,56,7,3,10,
McDonaldâ€™s,Cheesy Roll Up â€“ Value Menu,180,80,9,5,0,20,430,15,2,<1,9,
McDonaldâ€™s,Chicken Chipotle Melt â€“ Value Menu,190,80,9,3,0,35,530,15,1,<1,12,
McDonaldâ€™s,Chips and Nacho Cheese Sauce â€“ Value Menu,220,120,13,1.5,0,<5,250,24,2,2,2,
McDonaldâ€™s,Cinnamon Twists â€“ Value Menu,170,50,6,0,0,0,210,27,<1,13,1,
McDonaldâ€™s,Loaded Nacho Taco â€“ Value Menu,250,110,12,4.5,0,25,610,24,3,2,10,
McDonaldâ€™s,Bean Burrito,350,80,9,3.5,0,5,1000,54,11,3,13,
McDonaldâ€™s,Black Bean Chalupa,330,140,15,3,0,10,430,39,5,3,10,
McDonaldâ€™s,Black Bean Crunchwrap Supreme,510,160,17,4.5,0,5,1080,77,8,6,13,
McDonaldâ€™s,Black Bean Quesarito,630,270,29,10,0,35,1260,73,7,5,19,
McDonaldâ€™s,Black Beans & Rice,170,30,3.5,0,0,0,320,31,4,0,4,
McDonaldâ€™s,Cheese Quesadilla,470,230,25,12,0.5,50,990,37,4,2,19,
McDonaldâ€™s,Cheesy Bean & Rice Burrito,420,140,16,4,0,<5,880,56,7,3,10,
KFC,Cheesy Roll Up,180,80,9,5,0,20,430,15,2,<1,9,
KFC,Chips and Nacho Cheese Sauce,220,120,13,1.5,0,<5,250,24,2,2,2,
KFC,CinnabonÂ® Delightsâ„¢ (2 Pack),160,80,9,2,0,5,80,17,0,10,2,
KFC,CinnabonÂ® Delightsâ„¢ (12 Pack â€“ Serves 4),930,480,53,13,2,40,480,104,3,59,9,
KFC,Cinnamon Twists,170,50,6,0,0,0,210,27,<1,13,1,
KFC,Hash Brown,160,100,12,1,0,0,270,13,2,0,1,
KFC,Power Menu Bowl â€“ Veggie,430,160,17,5,0,20,810,57,10,2,12,
KFC,Power Menu Bowl â€“ Chicken,470,170,19,6,0,70,1200,50,7,2,26,
KFC,Power Menu Bowl â€“ Steak,480,180,20,7,0,60,1150,51,7,2,25,
KFC,Power Menu Bowl â€“ Veggie (V),430,160,17,5,0,20,810,57,10,2,12,
KFC,Breakfast Crunchwrap â€“ Bacon,670,370,41,12,0,140,1270,50,4,3,21,
KFC,Breakfast Crunchwrap â€“ Sausage,720,430,47,15,0,145,1210,51,4,3,21,
KFC,Breakfast Crunchwrap â€“ Steak,660,350,38,12,0,145,1300,51,4,3,24,
KFC,Breakfast Salsa Packet (V),0,0,0,0,0,0,50,<1,0,0,0,
KFC,Cheesy Toasted Breakfast Burrito â€“ Bacon,350,150,16,4.5,0,115,870,36,2,3,13,
KFC,Cheesy Toasted Breakfast Burrito â€“ Fiesta Potato (V),340,130,14,3.5,0,100,750,43,3,3,10,
KFC,Cheesy Toasted Breakfast Burrito â€“ Sausage,340,160,17,5,0,110,730,36,2,3,11,
KFC,CinnabonÂ® Delightsâ„¢ (2 Pack) (V),160,80,9,2,0,5,80,17,0,10,2,
KFC,CinnabonÂ® Delightsâ„¢ (12 Pack â€“ Serves 4) (V),930,480,53,13,2,40,480,104,3,59,9,
KFC,Grande Toasted Breakfast Burrito â€“ Bacon,560,270,30,10,0,230,1290,49,4,3,24,
KFC,Grande Toasted Breakfast Burrito â€“ Sausage,560,280,31,10,0,230,1150,49,4,3,22,
KFC,Grande Toasted Breakfast Burrito â€“ Steak,560,250,28,9,0,240,1310,50,4,3,27,
KFC,Hash Brown (V),160,100,12,1,0,0,270,13,2,0,1,
KFC,Hash Brown Toasted Breakfast Burrito â€“ Bacon,570,300,33,10,0,135,1270,49,4,2,21,
KFC,Hash Brown Toasted Breakfast Burrito â€“ Sausage,570,300,34,10,0,130,1130,49,4,2,18,
KFC,Hash Brown Toasted Breakfast Burrito â€“ Steak,570,270,30,9,0,140,1290,50,4,2,24,
KFC,7-Up (16 fl oz),190,,,,,70,46,,,46,,
KFC,BriskÂ® Mango Iced Tea (16 fl oz),100,,,,,50,26,,,26,,
KFC,BriskÂ® Unsweetened No Lemon Iced Tea (16 fl oz),0,,,,,60,0,,,0,,
KFC,Diet Dr PepperÂ® (16 fl oz),0,,,,,95,0,,,0,,
KFC,Diet Mtn DewÂ® (16 fl oz),5,,,,,75,1,,,1,,
KFC,Diet PepsiÂ® (16 fl oz),0,,,,,75,0,,,0,,
KFC,Dr PepperÂ® (16 fl oz),190,,,,,60,52,,,51,,
KFC,G2 â€“ Fruit Punch (16 fl oz),30,,,,,140,7,,,6,,
KFC,Mtn DewÂ® (16 fl oz),220,,,,,70,59,,,58,,
KFC,Mtn DewÂ® Baja Blastâ„¢ (16 fl oz),220,,,,,65,59,,,59,,
KFC,Mtn DewÂ® Baja Blast Zero Sugar (16 fl oz),5,,,,,70,0,,,0,,
KFC,Mtn DewÂ® Kickstartâ„¢ Orange Citrus (16 fl oz),70,,,,,75,18,,,18,,
KFC,MugÂ® Root Beer (16 fl oz),190,,,,,60,52,,,52,,
KFC,PepsiÂ® (16 fl oz),200,,,,,45,55,,,55,,
KFC,PepsiÂ® Wild Cherry (16 fl oz),210,,,,,40,56,,,56,,
KFC,PepsiÂ® Zero Sugar (16 fl oz),0,,,,,85,0,,,0,,
KFC,Sierra MistÂ® (16 fl oz),200,,,,,45,54,,,54,,
KFC,TropicanaÂ® Pink Lemonade (16 fl oz),210,,,,,210,53,,,53,,
KFC,7-Up (20 fl oz),240,,,,,85,58,,,58,,
KFC,BriskÂ® Mango Iced Tea (20 fl oz),120,,,,,60,32,,,32,,
KFC,BriskÂ® Unsweetened No Lemon Iced Tea (20 fl oz),0,,,,,75,0,,,0,,
KFC,Diet Dr PepperÂ® (20 fl oz),0,,,,,120,0,,,0,,
KFC,Diet Mtn DewÂ® (20 fl oz),10,,,,,90,1,,,1,,
KFC,Diet PepsiÂ® (20 fl oz),0,,,,,95,0,,,0,,
KFC,Dr PepperÂ® (20 fl oz),240,,,,,75,65,,,64,,
KFC,G2 â€“ Fruit Punch (20 fl oz),35,,,,,180,9,,,8,,
KFC,Mtn DewÂ® (20 fl oz),270,,,,,85,73,,,73,,
KFC,Mtn DewÂ® Baja Blastâ„¢ (20 fl oz),280,,,,,80,74,,,73,,
KFC,Mtn DewÂ® Baja Blast Zero Sugar (20 fl oz),10,,,,,85,0,,,0,,
KFC,Mtn DewÂ® Kickstartâ„¢ Orange Citrus (20 fl oz),90,,,,,90,23,,,22,,
KFC,MugÂ® Root Beer (20 fl oz),240,,,,,75,65,,,65,,
KFC,PepsiÂ® (20 fl oz),250,,,,,55,69,,,69,,
KFC,PepsiÂ® Wild Cherry (20 fl oz),260,,,,,50,70,,,70,,
KFC,PepsiÂ® Zero Sugar (20 fl oz),0,,,,,105,0,,,0,,
KFC,Sierra MistÂ® (20 fl oz),260,,,,,55,68,,,68,,
KFC,TropicanaÂ® Pink Lemonade (20 fl oz),260,,,,,260,67,,,67,,
KFC,Â ,Â ,,,,,Â ,Â ,,,Â ,,
KFC,FOUNTAIN BEVERAGES (30 OZ),Â ,,,,,Â ,Â ,,,Â ,,
KFC,7-Up (30 fl oz),350,,,,,125,87,,,87,,
KFC,BriskÂ® Mango Iced Tea (30 fl oz),180,,,,,90,48,,,48,,
KFC,BriskÂ® Unsweetened No Lemon Iced Tea (30 fl oz),0,,,,,115,0,,,0,,
KFC,Diet Dr PepperÂ® (30 fl oz),0,,,,,180,1,,,0,,
KFC,Diet Mtn DewÂ® (30 fl oz),10,,,,,140,1,,,1,,
KFC,Diet PepsiÂ® (30 fl oz),0,,,,,140,0,,,0,,
KFC,Dr PepperÂ® (30 fl oz),360,,,,,110,98,,,96,,
KFC,G2 â€“ Fruit Punch (30 fl oz),50,,,,,270,13,,,12,,
KFC,Mtn DewÂ® (30 fl oz),410,,,,,125,110,,,109,,
KFC,Mtn DewÂ® Baja Blastâ„¢ (30 fl oz),420,,,,,120,110,,,110,,
KFC,Mtn DewÂ® Baja Blast Zero Sugar (30 fl oz),15,,,,,125,0,,,0,,
KFC,Mtn DewÂ® Kickstartâ„¢ Orange Citrus (30 fl oz),130,,,,,140,34,,,33,,
KFC,MugÂ® Root Beer (30 fl oz),360,,,,,110,98,,,98,,
KFC,PepsiÂ® (30 fl oz),380,,,,,80,104,,,103,,
KFC,PepsiÂ® Wild Cherry (30 fl oz),390,,,,,80,105,,,105,,
KFC,PepsiÂ® Zero Sugar (30 fl oz),0,,,,,160,<1,,,0,,
KFC,Sierra MistÂ® (30 fl oz),380,,,,,80,101,,,101,,
KFC,TropicanaÂ® Pink Lemonade (30 fl oz),390,,,,,390,100,,,100,,
McDonaldâ€™s,Detroit Double Cheesy Pizza Slice,280,,12,6,0,30,560,31,2,2,13,
McDonaldâ€™s,Detroit Double Pepperoni Pizza Slice,330,,17,7,0,40,720,30,2,2,14,
McDonaldâ€™s,Detroit Meaty Pizza Slice,320,,16,6,0,35,640,31,2,2,14,
McDonaldâ€™s,Detroit Supremo Pizza Slice,290,,13,6,0,30,570,31,2,2,13,
McDonaldâ€™s,Pan Pizza Slices Backyard BBQ Chicken Personal Pan,180,,6,2,0,15,370,25,1,8,8,
McDonaldâ€™s,Pan Pizza Slices Backyard BBQ Chicken Medium,270,,10,4,0,25,450,33,2,6,11,
McDonaldâ€™s,Pan Pizza Slices Backyard BBQ Chicken Large,380,,16,6,0,35,650,43,2,7,16,
McDonaldâ€™s,Pan Pizza Slices Beyond MeatÂ® Pepperoni Medium,240,,10,4.5,0,15,470,29,2,1,10,
McDonaldâ€™s,Pan Pizza Slices Beyond MeatÂ® Pepperoni Large,350,,16,6,0,25,680,38,3,2,14,
McDonaldâ€™s,Pan Pizza Slices Buffalo Chicken Personal Pan,160,,5,2,0,15,570,22,1,2,7,
McDonaldâ€™s,Pan Pizza Slices Buffalo Chicken Medium,240,,9,3.5,0,20,680,31,2,2,11,
McDonaldâ€™s,Pan Pizza Slices Buffalo Chicken Large,350,,14,5,0,30,850,40,2,2,15,
McDonaldâ€™s,Pan Pizza Slices Cheese Personal Pan,150,,6,2.5,0,15,310,17,1,2,7,
McDonaldâ€™s,Pan Pizza Slices Cheese Medium,250,,10,4.5,0,25,450,28,2,1,11,
McDonaldâ€™s,Pan Pizza Slices Cheese Large,360,,17,7,0,35,660,37,2,2,16,
McDonaldâ€™s,Pan Pizza Slices Chicken Bacon Parmesan Personal Pan,180,,8,3,0,20,350,17,1,2,9,
McDonaldâ€™s,Pan Pizza Slices Chicken Bacon Parmesan Medium,270,,13,4.5,0,30,470,27,2,1,12,
McDonaldâ€™s,Pan Pizza Slices Chicken Bacon Parmesan Large,390,,20,7,0,40,680,35,2,2,18,
McDonaldâ€™s,Pan Pizza Slices Hawaiian Chicken Personal Pan,150,,5,2,0,15,330,18,1,3,8,
McDonaldâ€™s,Pan Pizza Slices Hawaiian Chicken Medium,240,,9,3.5,0,20,480,29,2,2,12,
McDonaldâ€™s,Pan Pizza Slices Hawaiian Chicken Large,350,,15,5,0,30,690,38,2,3,17,
McDonaldâ€™s,Pan Pizza Slices Meat Loverâ€™sÂ® Personal Pan,210,,12,4.5,0,25,460,18,1,2,9,
McDonaldâ€™s,Pan Pizza Slices Meat Loverâ€™sÂ® Medium,320,,17,6,0,35,640,28,2,1,13,
McDonaldâ€™s,Pan Pizza Slices Meat Loverâ€™sÂ® Large,470,,27,10,0,50,940,37,2,2,19,
McDonaldâ€™s,Pan Pizza Slices Pepperoni Personal Pan,150,,7,2.5,0,15,310,17,1,2,6,
McDonaldâ€™s,Pan Pizza Slices Pepperoni Medium,250,,11,4.5,0,25,470,28,2,1,10,
McDonaldâ€™s,Pan Pizza Slices Pepperoni Large,370,,18,6,0,35,680,36,2,2,15,
McDonaldâ€™s,Pan Pizza Slices Pepperoni Loverâ€™sÂ® Personal Pan,180,,9,3.5,0,20,370,17,1,2,8,
McDonaldâ€™s,Pan Pizza Slices Pepperoni Loverâ€™sÂ® Medium,300,,15,6,0,35,580,28,2,1,13,
McDonaldâ€™s,Pan Pizza Slices Pepperoni Loverâ€™sÂ® Large,440,,24,9,0.5,50,850,37,3,2,19,
McDonaldâ€™s,Pan Pizza Slices Supreme Personal Pan,170,,8,3,0,15,360,18,1,2,7,
McDonaldâ€™s,Pan Pizza Slices Supreme Medium,270,,13,5,0,25,500,29,2,2,11,
McDonaldâ€™s,Pan Pizza Slices Supreme Large,390,,20,7,0,40,740,37,2,2,16,
McDonaldâ€™s,Pan Pizza Slices Ultimate Cheese Loverâ€™sÂ® Personal Pan,170,,8,3.5,0,15,330,17,1,2,8,
McDonaldâ€™s,Pan Pizza Slices Ultimate Cheese Loverâ€™sÂ® Medium,270,,13,5,0,25,470,27,2,1,12,
McDonaldâ€™s,Pan Pizza Slices Ultimate Cheese Loverâ€™sÂ® Large,390,,20,8,0,40,670,36,2,2,17,
McDonaldâ€™s,Pan Pizza Slices Veggie Loverâ€™sÂ® Personal Pan,140,,5,2,0,10,290,18,1,2,6,
McDonaldâ€™s,Pan Pizza Slices Veggie Loverâ€™sÂ® Medium,230,,9,3.5,0,15,420,29,2,2,9,
McDonaldâ€™s,Pan Pizza Slices Veggie Loverâ€™sÂ® Large,330,,15,5,0,25,620,38,3,3,14,
McDonaldâ€™s,Hand Tossed Slices Backyard BBQ Chicken Small,140,,4,2,0,15,250,20,1,4,6,
McDonaldâ€™s,Hand Tossed Slices Backyard BBQ Chicken Medium,220,,7,3,0,20,390,31,2,6,10,
McDonaldâ€™s,Hand Tossed Slices Backyard BBQ Chicken Large,300,,10,4.5,0,30,530,40,2,7,14,
McDonaldâ€™s,Hand Tossed Slices Beyond MeatÂ® Pepperoni Medium,200,,7,3.5,0,15,410,26,2,1,9,
McDonaldâ€™s,Hand Tossed Slices Beyond MeatÂ® Pepperoni Large,280,,10,5,0,20,560,35,3,2,12,
McDonaldâ€™s,Hand Tossed Slices  Buffalo Chicken Small,130,,3.5,1.5,0,10,380,19,<1,<1,6,
McDonaldâ€™s,Hand Tossed Slices  Buffalo Chicken Medium,200,,5,2.5,0,20,560,28,2,1,9,
McDonaldâ€™s,Hand Tossed Slices  Buffalo Chicken Large,270,,8,4,0,30,740,37,2,2,13,
McDonaldâ€™s,Hand Tossed Slices Cheese Small,130,,4.5,2,0,10,250,17,1,<1,6,
McDonaldâ€™s,Hand Tossed Slices Cheese Medium,210,,8,3.5,0,20,390,26,2,1,10,
McDonaldâ€™s,Hand Tossed Slices Cheese Large,290,,10,5,0,30,540,34,3,2,13,
McDonaldâ€™s,Hand Tossed Slices Chicken Bacon Parmesan Small,150,,6,2.5,0,15,270,16,1,<1,7,
McDonaldâ€™s,Hand Tossed Slices Chicken Bacon Parmesan Medium,230,,9,4,0,25,410,25,2,1,11,
McDonaldâ€™s,Hand Tossed Slices Chicken Bacon Parmesan Large,310,,13,5,0,35,560,33,2,1,16,
McDonaldâ€™s,Hand Tossed Slices Hawaiian Chicken Small,130,,4,1.5,0,10,270,17,1,1,7,
McDonaldâ€™s,Hand Tossed Slices Hawaiian Chicken Medium,210,,6,3,0,20,420,27,2,2,10,
McDonaldâ€™s,Hand Tossed Slices Hawaiian Chicken Large,280,,9,4,0,30,580,36,3,3,15,
McDonaldâ€™s,Hand Tossed Slices Meat Loverâ€™sÂ® Small,180,,9,3.5,0,20,370,17,1,<1,7,
McDonaldâ€™s,Hand Tossed Slices Meat Loverâ€™sÂ® Medium,290,,15,6,0,30,590,26,2,1,12,
McDonaldâ€™s,Hand Tossed Slices Meat Loverâ€™sÂ® Large,390,,21,8,0,45,830,34,3,2,17,
McDonaldâ€™s,Hand Tossed Slices Pepperoni Small,130,,5,2,0,10,260,16,1,<1,6,
McDonaldâ€™s,Hand Tossed Slices Pepperoni Medium,220,,9,4,0,20,420,25,2,1,9,
McDonaldâ€™s,Hand Tossed Slices Pepperoni Large,300,,13,6,0,30,590,34,3,2,13,
McDonaldâ€™s,Hand Tossed Slices Pepperoni Loverâ€™sÂ® Small,160,,7,3,0,20,310,17,1,<1,7,
McDonaldâ€™s,Hand Tossed Slices Pepperoni Loverâ€™sÂ® Medium,270,,13,6,0,35,530,26,2,1,12,
McDonaldâ€™s,Hand Tossed Slices Pepperoni Loverâ€™sÂ® Large,370,,18,8,0,50,740,35,3,2,17,
McDonaldâ€™s,Hand Tossed Slices Supreme Small,150,,6,2.5,0,15,280,17,1,1,6,
McDonaldâ€™s,Hand Tossed Slices Supreme Medium,240,,10,4,0,25,450,26,2,2,10,
McDonaldâ€™s,Hand Tossed Slices Supreme Large,320,,14,6,0,35,630,35,3,2,14,
McDonaldâ€™s,Hand Tossed Slices Ultimate Cheese Loverâ€™sÂ® Small,150,,6,2.5,0,15,250,16,1,<1,6,
McDonaldâ€™s,Hand Tossed Slices Ultimate Cheese Loverâ€™sÂ® Medium,230,,10,4.5,0,25,390,25,2,1,11,
McDonaldâ€™s,Hand Tossed Slices Ultimate Cheese Loverâ€™sÂ® Large,310,,13,6,0,35,540,33,2,1,15,
McDonaldâ€™s,Hand Tossed Slices Veggie Loverâ€™sÂ® Small,120,,4,1.5,0,10,230,17,1,1,5,
McDonaldâ€™s,Hand Tossed Slices Veggie Loverâ€™sÂ® Medium,200,,6,2.5,0,15,370,27,2,2,8,
McDonaldâ€™s,Hand Tossed Slices Veggie Loverâ€™sÂ® Large,260,,9,4,0,20,510,36,3,3,11,
